OBJECTID,NUEVOS_CASOS,TOTAL_CASOS,TOTAL_MUERTES,TOTAL_RECUPERADOS,FECHA_ACTUALIZACION,GlobalID,NUEVOS_MUERTOS,NUEVO_RECUPERADOS
1237,1,1,0,0,2020/03/06 05:00:00+00,bfbde439-2467-4f24-9b33-2fb38e3abd61,0,0
1238,0,1,0,0,2020/03/07 05:00:00+00,c21b35c0-d55e-44e0-8768-9356c9c1d545,0,0
1239,0,1,0,0,2020/03/08 05:00:00+00,0a1a91f7-15eb-4118-9879-1ab4d959b1d2,0,0
1240,2,3,0,0,2020/03/09 05:00:00+00,2fb6f539-a27c-4d00-84e1-b19193ceb500,0,0
1241,0,3,0,0,2020/03/10 05:00:00+00,f14b28c9-d593-4a53-9e2a-d7965c38c22c,0,0
1242,6,9,0,0,2020/03/11 05:00:00+00,19b7610f-f880-425f-a576-14d7cf449db9,0,0
1243,4,13,0,0,2020/03/12 05:00:00+00,05c6e621-ca75-487c-865b-4843e0b9912c,0,0
1244,3,16,0,0,2020/03/13 05:00:00+00,ddf7b62c-458b-4c0d-84dd-691510c9f7e5,0,0
1245,8,24,0,0,2020/03/14 05:00:00+00,81a3bbda-f3da-4d86-8354-77aebe5f34b2,0,0
1246,21,45,0,0,2020/03/15 05:00:00+00,4964ac92-a68d-46c3-b390-710ceeb4b791,0,0
1247,12,57,0,0,2020/03/16 05:00:00+00,642d8804-b356-44d0-8809-414e5e89ad8a,0,0
1248,18,75,0,0,2020/03/17 05:00:00+00,752a77e9-047f-457a-8dd7-24ed997ec009,0,0
1249,27,102,0,0,2020/03/18 05:00:00+00,63c416bf-6cc5-41c4-835e-5f95c1648a83,0,0
1250,26,128,0,0,2020/03/19 05:00:00+00,9c2d134c-4b68-4513-a28a-bda1f0599a3c,0,0
1251,47,175,0,0,2020/03/20 05:00:00+00,115ba935-9c62-4d18-8359-b00613cf237b,0,0
1252,35,210,1,0,2020/03/21 05:00:00+00,58144b7e-5224-45f2-aecd-efa00ad90671,1,0
1253,30,240,2,0,2020/03/22 05:00:00+00,41990ae8-f5db-486e-a855-7845c6911836,1,0
1254,66,306,3,6,2020/03/23 05:00:00+00,3b4c528c-66b4-49ca-9467-440522a6e4e5,1,6
1255,113,419,3,6,2020/03/24 05:00:00+00,c2973ced-7794-4d39-a5f2-5b8ef8477108,0,0
1256,62,481,4,8,2020/03/25 05:00:00+00,290a5930-b983-4d24-9b3a-685cd2dbe488,1,2
1257,10,491,6,8,2020/03/26 05:00:00+00,d04de305-74be-47d8-a26d-0699b133aa00,2,0
1258,48,539,6,10,2020/03/27 05:00:00+00,14350125-ad87-458d-b9f7-8b5e14dcf144,0,2
1259,69,608,6,10,2020/03/28 05:00:00+00,c341b33c-13db-4bff-bf96-c8218001f0cd,0,0
1260,94,702,10,10,2020/03/29 05:00:00+00,08c02a10-8680-478f-b1d5-4293d4b2fc8f,4,0
1261,96,798,14,15,2020/03/30 05:00:00+00,4d555227-5af6-492c-bee2-eb5c92575eb7,4,5
1262,108,906,16,31,2020/03/31 05:00:00+00,5ff7d74d-6a71-4aa3-8c0b-0cbe36a30319,2,16
1263,159,1065,17,39,2020/04/01 05:00:00+00,f564fa1d-541f-4864-a3b9-3f44f9bd75a6,1,8
1264,96,1161,19,55,2020/04/02 05:00:00+00,4a4446a3-758b-474c-9b10-9e2be08002de,2,16
1265,106,1267,25,55,2020/04/03 05:00:00+00,06febf10-1919-44db-8c63-130439adf253,6,0
1266,106,1267,25,55,2020/04/04 05:00:00+00,b0c360b1-1b4d-48da-8d57-4adb26698d63,6,0
1267,79,1485,35,88,2020/04/05 05:00:00+00,c086c40f-d4c3-4b0d-abee-779060e73121,3,3
1268,94,1579,46,88,2020/04/06 05:00:00+00,abaaa874-a62c-4ce3-9179-820c2aa9e43f,11,0
1269,201,1780,50,100,2020/04/07 05:00:00+00,36ed2f3f-317b-4bd6-9dfc-647aeba09049,4,12
1270,274,2054,54,123,2020/04/08 08:38:00+00,45ada4cd-2637-4bfd-b6c3-bf1d48aec361,4,23
1271,169,2223,69,174,2020/04/09 08:39:00+00,60dbf907-c9cc-4463-86a8-3913654f98a9,15,51
1272,250,2473,80,197,2020/04/10 05:00:00+00,cf5f8b42-b391-4a9d-ac35-14fbf2f79a16,11,23
1273,236,2709,100,214,2020/04/11 05:00:00+00,820139c2-e04c-4975-8e39-84b64dc12e6a,20,17
1274,67,2776,109,270,2020/04/12 05:00:00+00,31ae5f38-ed2c-448c-a928-61a8e2975f26,9,56
1275,76,2852,112,319,2020/04/13 05:00:00+00,a58dea4d-c0fa-40a0-a247-f5b0aba4fbff,3,49
1276,127,2979,127,354,2020/04/14 05:00:00+00,1fe59b52-8189-4276-9d35-fc240c91e2d3,15,35
1277,126,3105,131,452,2020/04/15 05:00:00+00,e32c40f5-f87a-451f-bcb7-c2ccf7e3d0ab,4,98
1278,128,3233,144,550,2020/04/16 05:00:00+00,5d57274a-458d-4792-8815-a94e60c7aaeb,13,98
1279,206,3439,153,634,2020/04/17 05:00:00+00,82b0f536-03e3-4b73-a87d-5e8d3ac06b3e,9,84
1280,182,3621,166,691,2020/04/18 05:00:00+00,f54707a1-85b8-4d97-8d3f-388559f57240,13,57
1281,171,3792,179,711,2020/04/19 05:00:00+00,fc13b4c6-d327-4f14-8e77-8ff1b3b0f9b2,13,20
1282,185,3977,189,804,2020/04/20 05:00:00+00,6d5341b8-78f9-454a-b093-b18cdf066547,10,93
1283,172,4149,196,804,2020/04/21 05:00:00+00,e39ecdf4-88cd-4e8d-a701-0f5934d2505a,7,0
1284,207,4356,206,870,2020/04/22 05:00:00+00,1c79e367-30f9-4cd9-a746-02e61a247e71,10,66
1285,205,4561,215,927,2020/04/23 05:00:00+00,9319ba9b-5385-4ad6-838f-6baff5bc4638,9,57
1286,320,4881,225,1003,2020/04/24 05:00:00+00,76462c64-0b5b-4c8c-855a-fd09fe435a44,10,76
1287,261,5142,233,1067,2020/04/25 05:00:00+00,b3a150c1-8c66-4036-8ca2-5443fd600ecf,8,64
1288,237,5379,244,1133,2020/04/26 05:00:00+00,e0ca47ca-c60f-4845-82fe-019069eac632,11,66
1289,218,5597,253,1210,2020/04/27 05:00:00+00,e85ebdd2-9c36-4681-86d5-9225178c2d87,9,77
1290,352,5949,269,1268,2020/04/28 05:00:00+00,de75c97d-0575-4663-9456-8bf17a9f3625,16,58
1291,262,6211,278,1411,2020/04/29 05:00:00+00,69c2027e-cfad-46d4-b8cd-8cc7fef0bcf7,9,143
1292,296,6507,293,1439,2020/04/30 05:00:00+00,2aa671e8-bf85-4dd2-81c8-238f2818c294,15,28
1293,499,7006,314,1551,2020/05/01 05:00:00+00,fa6877a2-1ffd-4814-bcff-4142489bd7f8,21,112
1294,279,7285,324,1666,2020/05/02 05:00:00+00,e2749c6d-f49c-4f5e-8872-4f57099a3411,10,115
1295,383,7668,340,1722,2020/05/03 05:00:00+00,d38705dc-b853-4115-bf30-d0c50b9f6110,16,56
1296,305,7973,358,1807,2020/05/04 05:00:00+00,83cd28bb-1d72-4648-9b79-8345834ac758,18,85
1297,640,8613,378,2013,2020/05/05 05:00:00+00,216ecde7-e451-4e0a-9b91-8c6e8f49e7c5,20,206
1298,346,8959,397,2148,2020/05/06 05:00:00+00,81192eb3-cfc3-4f80-965e-fbd41670a24d,19,135
1299,497,9456,407,2300,2020/05/07 05:00:00+00,7da8f727-5c91-4478-8456-2b27adc797fe,10,152
1300,595,10051,428,2424,2020/05/08 05:00:00+00,eacf7200-ed5f-48d2-85dc-860257ad38cb,21,124
1301,444,10495,445,2569,2020/05/09 05:00:00+00,5c93a092-b5cc-4b93-b44c-fe4a4e42ba10,17,145
1302,568,11063,463,2705,2020/05/10 05:00:00+00,a9f87c57-5796-493e-b22e-829f701bf4f5,18,136
1303,550,11613,479,2825,2020/05/11 05:00:00+00,0d0bed69-ca60-4710-b41e-4e63f12b9b75,16,120
1304,659,12272,493,2971,2020/05/12 05:00:00+00,80bde428-87e3-4a26-b341-faf63cc998ca,14,146
1305,658,12930,509,3133,2020/05/13 05:00:00+00,2f8ea36f-6ed5-4239-86fb-3346af488c5a,16,162
1306,680,13610,525,3358,2020/05/14 05:00:00+00,3f795c69-378b-4073-aa86-5445483d310f,16,225
1307,606,14216,546,3460,2020/05/15 05:00:00+00,88a3adb5-8590-4a03-99e5-009d0c26ba5d,21,102
1308,723,14939,562,3587,2020/05/16 05:00:00+00,503447e8-3852-4135-bdde-7075ba37f621,16,127
1309,635,15574,574,3751,2020/05/17 05:00:00+00,f157c97d-4f47-4bef-bf5e-b6f0e5ce0c83,12,164
1310,721,16295,592,3903,2020/05/18 05:00:00+00,7a694064-0ec5-4491-baa5-50cc26e5691a,18,152
1311,640,16935,613,4050,2020/05/19 05:00:00+00,84bcf218-9b3a-4824-a07d-0175d66ff784,21,147
1312,752,17687,630,4256,2020/05/20 05:00:00+00,116f5b6d-5e0f-4877-a63b-45a451d69cb2,17,206
1313,643,18330,652,4431,2020/05/21 05:00:00+00,8e84c8cf-e4ed-453b-879f-ab227ced141f,22,175
1314,801,19131,682,4575,2020/05/22 05:00:00+00,a6649948-4e87-4e65-846b-d3d34573ed54,30,144
1315,1046,20177,705,4718,2020/05/23 05:00:00+00,3bb62b26-190b-4349-a4df-bfee85abb0c3,23,143
1316,998,21175,727,5016,2020/05/24 05:00:00+00,631e1233-dffd-482f-bf24-8eab52ec7823,22,298
1317,806,21981,750,5265,2020/05/25 05:00:00+00,c2ce25e7-38c1-4229-bb7a-db24c8a46425,23,249
1318,1022,23003,776,5511,2020/05/26 05:00:00+00,fc9ab66c-e8ca-47db-9443-1624eff4fd53,26,246
1319,1101,24104,803,6111,2020/05/27 05:00:00+00,ce0298c6-d9fe-4fd3-8f1d-9262458c8565,27,600
1320,1262,25366,822,6665,2020/05/28 05:00:00+00,16f253ef-4a16-45dc-8726-ebe8cf9f061a,19,554
1321,1322,26688,853,6913,2020/05/29 05:00:00+00,2a3f6632-6873-42c9-8db5-a07db80791ee,31,248
1322,1548,28236,890,7121,2020/05/30 05:00:00+00,c32a4731-dc45-424b-bb61-e9e3c556440a,37,208
1323,1147,29383,939,8543,2020/05/31 05:00:00+00,0fc8c22a-4892-4673-97da-b862106478f1,49,1422
1324,1110,30493,969,9661,2020/06/01 05:00:00+00,b7713e60-8270-4420-8fb4-699a46c1458d,30,1118
1325,1340,31833,1009,11142,2020/06/02 05:00:00+00,96f8a5e3-aa99-492b-bf01-c339c3d5892a,40,1481
1326,1521,33354,1045,12288,2020/06/03 05:00:00+00,fbfa3b57-1263-4d63-b2e1-d01c1be9e6f9,36,1146
1327,1766,35120,1087,12921,2020/06/04 05:00:00+00,610ba806-2d54-4b66-89ba-43d1b10e2086,42,633
1328,1515,36635,1145,13638,2020/06/05 05:00:00+00,0363bbed-aacf-40b5-a1ae-6b62c1dec7ed,58,717
1329,1392,38027,1205,14382,2020/06/06 05:00:00+00,abc87cea-fbc9-4998-8b9e-235a7e31d0fc,60,744
1330,1209,39236,1259,15322,2020/06/07 05:00:00+00,5097c2ec-1714-4098-8981-5bd5f394d55b,54,940
1331,1483,40719,1308,16427,2020/06/08 05:00:00+00,49353bf4-83cf-4a43-b830-6733ff8ebdb0,49,1105
1332,1359,42078,1372,16534,2020/06/09 05:00:00+00,8f72ef89-7def-4123-b9b9-64526ff56ba4,64,107
1333,1604,43682,1433,17333,2020/06/10 05:00:00+00,a87d3110-ee06-4263-8f11-29bf446a1e63,61,799
1334,1530,45212,1488,17790,2020/06/11 05:00:00+00,72253471-02a5-4f12-8ffb-23929411d8b1,55,457
1335,1646,46858,1545,18715,2020/06/12 05:00:00+00,149c6db8-5784-4a4f-9ade-d52be059b8bd,57,925
1336,1888,48746,1592,19426,2020/06/13 05:00:00+00,2e479022-73cb-445d-8514-755325dcae1d,47,711
1337,2193,50939,1667,19822,2020/06/14 05:00:00+00,8acd9390-f030-4c21-88ff-0efc1c97e7ab,75,396
1338,2124,53063,1726,19952,2020/06/15 05:00:00+00,dab8d4a7-5429-4ce3-ba99-b20169d723ef,59,130
1339,1868,54931,1801,20366,2020/06/16 05:00:00+00,b8260d98-05c4-4173-89ad-e14ce91d584d,75,414
1340,2115,57046,1864,21326,2020/06/17 05:00:00+00,51cca95f-be16-4a13-8192-87c2b329a4fd,63,960
1341,3171,60217,1950,22680,2020/06/18 05:00:00+00,919640c0-1689-4e97-b418-79fcf84cc591,86,1354
1342,3059,63276,2045,23988,2020/06/19 05:00:00+00,17f7b8d7-380e-4a5f-838d-834da88fa7ec,95,1308
1343,2357,65633,2126,25499,2020/06/20 05:00:00+00,8d95ce3b-146e-4183-b2cb-9ed13800ea97,81,1511
1344,3019,68652,2273,27360,2020/06/21 05:00:00+00,c985630a-2153-4395-9bc8-077fdb59f76d,147,1861
1345,2531,71183,2310,28968,2020/06/22 05:00:00+00,c8d55dbc-bec7-4ae4-abee-b483fb9dd983,37,1608
1346,2389,73572,2404,30459,2020/06/23 05:00:00+00,53e6d554-b27f-4038-81ce-6438c1fd4975,94,1491
1347,3541,77113,2491,31671,2020/06/24 05:00:00+00,7a965b00-bc48-4033-ba25-a9fe41bc81a4,87,1212
1348,3486,80599,2654,33349,2020/06/25 05:00:00+00,9af54c8e-9087-453f-b39f-96085cb98aee,163,1678
1349,3843,84442,2811,34937,2020/06/26 05:00:00+00,add6d8b7-a6b7-4f7c-9dd9-77d1bbc911fb,157,1588
1350,4149,88591,2939,36273,2020/06/27 05:00:00+00,be63bebc-a248-469b-be81-d7a9f5a9326b,128,1336
1351,3178,91769,3106,38280,2020/06/28 05:00:00+00,93d85dc9-41e2-477e-b6e1-dc86819f67f1,167,2007
1352,3274,95043,3223,39954,2020/06/29 05:00:00+00,3e89a271-bc1c-43d1-8313-5e5c7eb90d63,117,1674
1353,2803,97846,3334,42073,2020/06/30 05:00:00+00,d8bfb5cd-96df-4488-9fe9-d46d9edb592d,111,2119
1354,4163,102009,3470,43407,2020/07/01 05:00:00+00,bebcde4a-5718-474f-9686-a1c1efa6ac20,136,1334
1355,4101,106110,3641,44531,2020/07/02 05:00:00+00,5b33c0d5-0ae8-4e0e-93eb-266ca751fc87,171,1124
1356,3395,109505,3777,45334,2020/07/03 05:00:00+00,cdbef862-5a34-4d4e-9847-acf051d8c54c,136,803
1357,3884,113389,3942,46563,2020/07/04 05:00:00+00,6ba5e43e-6b54-475b-a749-5b3725e78851,165,1229
1358,3721,117110,4064,47881,2020/07/05 05:00:00+00,a839e59c-bb70-4782-ac18-cf938c91896d,122,1318
1359,3171,120281,4210,50372,2020/07/06 05:00:00+00,4e3f7fae-598e-4cd7-930b-0af0ec66ff3c,146,2491
1360,4213,124494,4359,51861,2020/07/07 05:00:00+00,7ec2d829-2006-4a58-b765-272b1c560832,149,1489
1361,4144,128638,4527,53634,2020/07/08 05:00:00+00,a7fa483e-3e2b-4d99-bd46-caf00de68bde,168,1773
1362,5335,133973,4714,56272,2020/07/09 05:00:00+00,ad42b9c0-7329-4096-801b-4a02b3d3e15f,187,2638
1363,6803,140776,4925,58800,2020/07/10 05:00:00+00,fdc80f52-863a-46a3-88c1-5811bec26635,211,2528
1364,4586,145362,5119,61186,2020/07/11 05:00:00+00,c9a58606-36f4-44b3-a21b-898ca4565853,194,2386
1365,5083,150445,5307,63451,2020/07/12 05:00:00+00,589034a5-0e34-4cd5-83b5-e8dac347c9c7,188,2265
1366,3832,154277,5455,65809,2020/07/13 05:00:00+00,0cde6a5b-dd8a-496d-a17b-99979660e740,148,2358
1367,5621,159898,5625,68806,2020/07/14 05:00:00+00,f2de6ce2-d748-4c19-b443-9c2195460345,170,2997
1368,5271,165169,5814,71738,2020/07/15 05:00:00+00,0fc8fcd1-bcbe-4a6e-88b4-47d9bcc2b3ab,189,2932
1369,8037,173206,6029,76164,2020/07/16 05:00:00+00,76fd07b3-c192-4ef4-ba7c-e6b32fb9d7c6,215,4426
1370,8934,182140,6288,80637,2020/07/17 05:00:00+00,1529e681-4446-4b1c-957b-7d02d77a3eef,259,4473
1371,8560,190700,6516,85836,2020/07/18 05:00:00+00,4d7171da-695d-40a4-b58a-e2c3692e8b8c,228,5199
1372,6578,197278,6736,91793,2020/07/19 05:00:00+00,48d8ebef-b278-4e22-937f-7f6d0ca9dc28,220,5957
1373,6727,204005,6929,95804,2020/07/20 05:00:00+00,7be7a883-49d7-4edb-971a-1505738ae2e5,193,4011
1374,7033,211038,7166,98840,2020/07/21 05:00:00+00,dd819144-1aee-468e-ae36-83d65ee6c745,237,3036
1375,7390,218428,7373,101613,2020/07/22 05:00:00+00,c176f9f3-b614-491c-8460-83dc470df7ac,207,2773
1376,7945,226373,7688,107951,2020/07/23 05:00:00+00,3c7aa8d4-00ae-455c-84a6-a388112a7600,315,6338
1377,7168,233541,7975,113864,2020/07/24 05:00:00+00,0101638d-bedf-4a9c-876f-034ec27a0e9d,287,5913
1378,7254,240795,8269,119667,2020/07/25 05:00:00+00,d97652a7-13ab-468c-817a-b9d592cf45f0,294,5803
1379,8181,248976,8525,125037,2020/07/26 05:00:00+00,04b2b869-01aa-468c-8be7-899ef6d86674,256,5370
1380,8125,257101,8777,131161,2020/07/27 05:00:00+00,55010fe0-33c7-46b7-9d32-869e90e52b99,252,6124
1381,10284,267385,9074,136690,2020/07/28 05:00:00+00,caf7815a-9654-4cd6-a3eb-4d38ff8502a2,297,5529
1382,8670,276055,9454,142777,2020/07/29 05:00:00+00,234b1ab7-8e2b-47d1-b13b-1a93235c4745,380,6087
1383,9965,286020,9810,148695,2020/07/30 05:00:00+00,0bf2a12f-8ebd-4973-becf-ac8dbab6f2c6,356,5918
1384,9488,295508,10105,154387,2020/07/31 05:00:00+00,132ea8bc-4d54-4364-a069-d234938613d8,295,5692
1385,10673,306181,10330,160708,2020/08/01 05:00:00+00,38f1971c-69bf-4e50-91b3-2f89b2fb514a,225,6321
1386,11470,317651,10650,167239,2020/08/02 05:00:00+00,6a0791b4-4fb6-413a-97f6-95b5a20f962d,320,6531
1387,10199,327850,11017,173727,2020/08/03 05:00:00+00,ccf8028e-8c3f-4a23-821a-ae8c4f75bb7e,367,6488
1388,7129,334979,11315,180258,2020/08/04 05:00:00+00,0b4507b5-e8cc-4878-be02-1490bc687f96,298,6531
1389,10735,345714,11624,186317,2020/08/05 05:00:00+00,16f53e68-f644-4928-87ae-0bf51896d942,309,6059
1390,11996,357710,11939,192355,2020/08/06 05:00:00+00,771133c5-6425-487e-aa45-f237f2de5684,315,6038
1391,9486,367196,12250,198495,2020/08/07 05:00:00+00,5fd66e6a-af57-4118-af1e-1f7952bb03fe,311,6140
1392,9674,376870,12540,204591,2020/08/08 05:00:00+00,06680e6e-5330-4a63-964e-3973b496a721,290,6096
1393,10611,387481,12842,212688,2020/08/09 05:00:00+00,d806428b-ed71-4878-b1c5-7bf0172ce5b5,302,8097
1394,10142,397623,13154,221485,2020/08/10 05:00:00+00,470664c8-a0bd-4f2a-abae-f325d8f5b59a,312,8797
1395,12830,410453,13475,230427,2020/08/11 05:00:00+00,4ace340d-7406-43c2-a058-af7d9904fa3b,321,8942
1396,12066,422519,13837,239785,2020/08/12 05:00:00+00,a0fc448f-5a77-467e-bdb8-a3f78d936b61,362,9358
1397,11286,433805,14145,250494,2020/08/13 05:00:00+00,c4cc7e15-3ed3-4f87-8e51-046466aa699c,308,10709
1398,11306,445111,14492,261296,2020/08/14 05:00:00+00,b30f0b6e-0e7c-4d4a-8fef-2c738dce596b,347,10802
1399,11578,456689,14810,274420,2020/08/15 05:00:00+00,7133b6c6-2088-4940-bc13-3e2ecd1e0354,318,13124
1400,11643,468332,15097,287436,2020/08/16 05:00:00+00,d4a9229a-61ac-48b2-8230-16731bccbfcb,287,13016
1401,8328,476660,15372,301525,2020/08/17 05:00:00+00,7aa2d009-9c9c-4137-92c9-517862e8f89c,275,14089
1402,12462,489122,15619,312323,2020/08/18 05:00:00+00,056a1e7f-441b-4f6f-855e-4dbf5c2dcc63,247,10798
1403,13056,502178,15979,326298,2020/08/19 05:00:00+00,91566d74-0170-4c35-9782-70a0bcc3c43d,360,13975
1404,11541,513719,16183,339124,2020/08/20 05:00:00+00,e5f194db-ef87-4082-a001-6ffefc3534aa,204,12826
1405,8419,522138,16568,348940,2020/08/21 05:00:00+00,b4fb071a-3812-4a25-9ad2-7bc453c0086e,385,9816
1406,10965,533103,16968,359792,2020/08/22 05:00:00+00,3c5098a6-ec56-4b3d-8c59-0316f8c7cc84,400,10852
1407,8044,541147,17316,374030,2020/08/23 05:00:00+00,9b41bae6-4d98-432c-bd70-bda5a2fddbb4,348,14238
1408,10549,551696,17612,384171,2020/08/24 05:00:00+00,902cd42d-2048-4585-9f43-f49eddbc202c,296,10141
1409,10432,562128,17889,395470,2020/08/25 05:00:00+00,dc890366-b7c6-421d-acd5-efd019e11dbc,277,11299
1410,10142,572270,18184,407121,2020/08/26 05:00:00+00,c9cee3ac-edd8-489a-a157-ac956d4c10d8,295,11651
1411,9752,582022,18468,417793,2020/08/27 05:00:00+00,450e2728-90b5-4ddf-bbb2-d25e7d9d6a8b,284,10672
1412,8498,590520,18767,429620,2020/08/28 05:00:00+00,20c9a8fa-c3cf-4234-8129-e4c862ffc149,299,11827
1413,9394,599914,19064,440574,2020/08/29 05:00:00+00,984df6b1-4ec0-4c3b-b431-b28f9eaa973e,297,10954
1414,8024,607938,19364,450621,2020/08/30 05:00:00+00,919439b6-932b-4ed3-ad4f-66712b10946a,300,10047
1415,7230,615168,19663,459475,2020/08/31 05:00:00+00,398ec2d3-1a8d-4caf-86af-fedf6ca91f42,299,8854
1416,8901,624069,20053,469557,2020/09/01 05:00:00+00,04409505-1fe6-4c34-8c14-f8cf69938f4b,390,10082
1417,9270,633339,20348,479568,2020/09/02 05:00:00+00,0940139b-2e2d-4aeb-99e2-d451fffca349,295,10011
1418,8235,641574,20618,489151,2020/09/03 05:00:00+00,6fa107bd-c2b4-46b2-af0c-7e28c9fe12ae,270,9583
1419,8488,650062,20888,498221,2020/09/04 05:00:00+00,b595f68a-c966-4b35-a35d-c2ca08a5ca85,270,9070
1420,8394,658456,21156,507770,2020/09/05 05:00:00+00,b63d09cb-188d-491a-a2cb-9486bed334b4,268,9549
1421,8065,666521,21512,518229,2020/09/06 05:00:00+00,3fd7ff8c-b19b-42eb-8893-6b7c26d2d487,356,10459
1422,5327,671848,21615,529279,2020/09/07 05:00:00+00,522793eb-4a63-4315-bc18-2df6267d33fb,103,11050
1423,7665,679513,21817,541462,2020/09/08 05:00:00+00,7a20a694-cd2b-4371-ab4b-39ed9f6d3820,202,12183
1424,7338,686851,22053,552885,2020/09/09 05:00:00+00,bb3e368d-d538-4524-baf3-d602b819e166,236,11423
1425,7813,694664,22275,569479,2020/09/10 05:00:00+00,cf9c330c-4b19-4795-8bc8-9ab66c07ed45,222,16594
1426,7424,702088,22518,582694,2020/09/11 05:00:00+00,da74a0f1-90f2-4b8c-a918-ecd139f4aa27,243,13215
1427,6826,708914,22734,592820,2020/09/12 05:00:00+00,acb4834f-2680-4c37-826b-c4552646476b,216,10126
1428,7355,716319,22924,599385,2020/09/13 05:00:00+00,e289113e-1c34-4176-8030-9443350e6429,190,6565
1429,5573,721892,23123,606925,2020/09/14 05:00:00+00,6d211d76-ce3b-4fb6-a3e9-b4c8ffeff7b8,199,7540
1430,6698,728590,23288,607978,2020/09/15 05:00:00+00,91fbe01f-6c7f-4d49-81b7-24ebafa348af,165,1053
1431,7787,736377,23478,610078,2020/09/16 05:00:00+00,f85c5798-1997-413c-b9a3-32acab3f0996,190,2100
1432,7568,743945,23665,615457,2020/09/17 05:00:00+00,2960033d-9b1a-4b12-9f7c-a97bfa9b4cd4,187,5379
1433,6526,750471,23850,621521,2020/09/18 05:00:00+00,07006376-21b9-46e5-84d1-bc4c5c3b8107,185,6064
1434,7927,758398,24039,627685,2020/09/19 05:00:00+00,b818b769-ee93-443b-82a5-fe8d50b48113,189,6164
1435,6678,765076,24208,633199,2020/09/20 05:00:00+00,45ca7ce6-6657-4763-8242-05e46ed7a516,169,5514
1436,5359,770435,24397,640900,2020/09/21 05:00:00+00,975b78c3-280f-4e8b-bd37-912e0cb2fb19,189,7701
1437,7102,777537,24570,650801,2020/09/22 05:00:00+00,23c5a252-1312-4ace-a19c-d0db25f4bd3f,173,9901
1438,6731,784268,24746,662277,2020/09/23 05:00:00+00,63f253dc-66a7-4b7c-8983-813657d045ca,176,11476
1439,6555,790823,24924,674961,2020/09/24 05:00:00+00,472e4f6f-85cf-4faf-89db-a68ba66ef577,178,12684
1440,7494,798317,25103,687477,2020/09/25 05:00:00+00,ca91aee3-73dc-425e-bfa1-46bcd01a3b1d,179,12516
1441,7721,806038,25296,700112,2020/09/26 05:00:00+00,5e4ac8b2-14e8-4e69-a0be-b0e71afdb36a,193,12635
1442,7018,813056,25488,711472,2020/09/27 05:00:00+00,e5f58a7c-b129-4d6a-b483-6377cc0eb345,192,11360
1443,5150,818206,25641,722536,2020/09/28 05:00:00+00,3c5fa251-c5ba-421a-9c7b-58fb3b48a5c5,153,11064
1444,5836,824042,25828,734154,2020/09/29 05:00:00+00,00ed7bd8-f562-4667-bc3a-de72294a72da,187,11618
1445,5637,829679,25998,743653,2020/09/30 05:00:00+00,1474f106-5ef0-4a16-8ccf-8ccba2dad1ec,170,9499
1446,5660,835339,26196,751691,2020/10/01 05:00:00+00,41ea600b-3486-41f5-9914-0953d78d26f1,198,8038
1447,6192,841531,26397,753953,2020/10/02 05:00:00+00,647808fa-11b1-42ba-8420-d3e800d43ee8,201,2262
1448,6616,848147,26556,757801,2020/10/03 05:00:00+00,185a6e82-3056-4cd7-8977-5bb6bf2f622e,159,3848
1449,6905,855052,26712,761674,2020/10/04 05:00:00+00,f6cb9065-d276-4c82-bb6e-a34d84565966,156,3873
1450,7106,862158,26844,766300,2020/10/05 05:00:00+00,a6414cfd-2588-4d10-88bb-55bdf100b1d8,132,4626
1451,7650,869808,27017,770812,2020/10/06 05:00:00+00,f85a2403-5b48-4e4e-979a-fc52e6116897,173,4512
1452,7875,877683,27180,773973,2020/10/07 05:00:00+00,3351790b-bb93-447e-95cd-2b2584797ea8,163,3161
1453,8496,886179,27331,777658,2020/10/08 05:00:00+00,0af1ab38-c566-4be5-a79d-ec859d41847b,151,3685
1454,8121,894300,27495,780547,2020/10/09 05:00:00+00,bb1a7b80-b460-4ef7-86ca-9d3eecf2fffb,164,2889
1455,8447,902747,27660,783131,2020/10/10 05:00:00+00,af2f10a4-3cc7-496e-9398-5528b59e1f31,165,2584
1456,8569,911316,27834,789787,2020/10/11 05:00:00+00,9717cd53-9a45-44ba-a501-94ae82da4a27,174,6656
1457,7767,919083,27985,798396,2020/10/12 05:00:00+00,3d4c5d67-e02b-4798-a28c-01801fa1e7b7,151,8609
1458,5013,924096,28141,806703,2020/10/13 05:00:00+00,1b094f97-da55-4c9e-ae6c-50cb10fc0cf8,156,8307
1459,6063,930159,28306,816667,2020/10/14 05:00:00+00,c2299797-ae48-4a3f-baa8-280c790bfdd9,165,9964
1460,6823,936982,28457,826831,2020/10/15 05:00:00+00,7059ba5a-78e8-4af9-b1a8-9910df44cb2b,151,10164
1461,8372,945354,28616,837001,2020/10/16 05:00:00+00,3b800e89-b4f9-48ff-a05e-8f9b851ab2a3,159,10170
1462,7017,952371,28803,847467,2020/10/17 05:00:00+00,ba4de7df-e715-443a-8c95-5148edb48187,187,10466
1463,7201,959572,28970,858294,2020/10/18 05:00:00+00,4add5d1c-312f-4b1a-8b8c-a7a543f52b8a,167,10827
1464,6311,965883,29102,867961,2020/10/19 05:00:00+00,73bc6839-6e1e-40a7-8808-926e7bac0c00,132,9667
1465,8256,974139,29272,876731,2020/10/20 05:00:00+00,e2315e5d-5a8c-46de-97d3-ad2dca1e85b3,170,8770
1466,7561,981700,29464,884895,2020/10/21 05:00:00+00,49d8f44d-c1a9-42bf-aea3-0fc682eec296,192,8164
1467,8570,990270,29636,893712,2020/10/22 05:00:00+00,7bd9f013-5372-4562-b2bd-dfab7171c7b9,172,8817
1468,8672,998942,29802,901652,2020/10/23 05:00:00+00,56f05532-be4b-464d-bb99-9010991b7db5,166,7940
1469,8769,1007711,30000,907379,2020/10/24 05:00:00+00,96fac4e2-7255-4a96-89e8-509f0773e558,198,5727
1470,8174,1015885,30154,915451,2020/10/25 05:00:00+00,2b24fc70-a6f4-49d5-91bf-cfbef87fe3ab,154,8072
1471,9167,1025052,30348,924044,2020/10/26 05:00:00+00,83c4691c-632f-4c8d-9296-fe54717c3f39,194,8593
1472,8166,1033218,30565,932882,2020/10/27 05:00:00+00,d06c2c31-c7fa-40e6-b5df-b9dc36aa1ecf,217,8838
1473,8717,1041935,30753,941874,2020/10/28 05:00:00+00,91e73d5f-c0da-4e50-ac41-3844b1fa3eea,188,8992
1474,11187,1053122,30926,950348,2020/10/29 05:00:00+00,8dceef1e-ff62-468e-a2fa-8f04d4e7828c,173,8474
1475,10029,1063151,31135,959433,2020/10/30 05:00:00+00,1a43f906-8f52-4be8-b7a8-220265f7736f,209,9085
1476,11033,1074184,31314,969230,2020/10/31 05:00:00+00,cbc14c81-c7d6-4587-9105-b3476846a1f7,179,9797
1477,9137,1083321,31515,977804,2020/11/01 05:00:00+00,aca8cb64-e94a-416c-a512-199efde2f270,201,8574
1478,9935,1093256,31670,985796,2020/11/02 05:00:00+00,b2642f0b-05ed-4a3d-9bf9-25801b293a33,155,7992
1479,6136,1099392,31847,993877,2020/11/03 05:00:00+00,fcf19ffe-b23c-48a7-9099-b81ee6ba2be0,177,8081
1480,8692,1108084,32013,1002202,2020/11/04 05:00:00+00,778173ca-12da-4bcc-b1e6-12f34dcd9fef,166,8325
1481,9893,1117977,32209,1011166,2020/11/05 05:00:00+00,538e4944-66b4-4479-9bdb-930024a761e5,196,8964
1482,9756,1127733,32405,1020263,2020/11/06 05:00:00+00,789af2a2-09ef-47ae-8195-7beb34cf406c,196,9097
1483,8714,1136447,32595,1029082,2020/11/07 05:00:00+00,e53cdfa1-1b11-4ce5-a01c-c7715ba24cd4,190,8819
1484,7440,1143887,32791,1038082,2020/11/08 05:00:00+00,8689e7d2-a601-4de3-8538-a26d2946497f,196,9000
1485,5176,1149063,32974,1047017,2020/11/09 05:00:00+00,93509ae3-3a45-4696-ac04-42aeaed1485c,183,8935
1486,7612,1156675,33148,1059237,2020/11/10 05:00:00+00,025514a2-0e66-4344-851d-b67e26286e35,174,12220
1487,8651,1165326,33312,1070423,2020/11/11 05:00:00+00,6bc3ff57-aedd-4192-a3d4-d96fc9adf189,164,11186
1488,8686,1174012,33491,1081691,2020/11/12 05:00:00+00,a2c2b2ac-67ab-4089-afba-14d20a10a2aa,179,11268
1489,8685,1182697,33669,1089340,2020/11/13 05:00:00+00,04fa5b9e-8064-4f55-96e9-fe087b0bf0f4,178,7649
1490,8307,1191004,33829,1097576,2020/11/14 05:00:00+00,b6002a6b-d7e2-4114-a89f-8741f7bf2b1b,160,8236
1491,7742,1198746,34031,1104956,2020/11/15 05:00:00+00,564d5618-c322-4389-ba35-f832f0aa6e52,202,7380
1492,6471,1205217,34223,1111867,2020/11/16 05:00:00+00,aeb0415a-a4ae-4f40-a5d0-bd5dc9911146,192,6911
1493,5911,1211128,34381,1118902,2020/11/17 05:00:00+00,939b1e27-8fd0-408a-b0ba-e744d9bcf2d1,158,7035
1494,6875,1218003,34563,1125184,2020/11/18 05:00:00+00,102c1d90-d784-4d17-ba21-9dd61c959462,182,6282
1495,7487,1225490,34761,1132393,2020/11/19 05:00:00+00,154583e0-3ffb-4283-9aee-936f3cb53285,198,7209
1496,7954,1233444,34929,1138581,2020/11/20 05:00:00+00,247a96a2-ff9d-4de0-a19b-9fc3a1545218,168,6188
1497,7049,1240493,35104,1144923,2020/11/21 05:00:00+00,ef651a56-9440-448a-bd48-cae0618eae9d,175,6342
1498,7924,1248417,35287,1150932,2020/11/22 05:00:00+00,271e5b8f-bd5d-45e2-bf2b-8f4a54a2ed47,183,6009
1499,6562,1254979,35479,1158897,2020/11/23 05:00:00+00,a911dae4-f8e7-4ec3-ae32-cff55d4e6a8c,192,7965
1500,7515,1262494,35677,1167857,2020/11/24 05:00:00+00,fd1f9bf6-e891-4a9e-9474-a7b6b6e2e761,198,8960
1501,8497,1270991,35860,1174959,2020/11/25 05:00:00+00,a2a90442-6f18-4cc6-a70b-09b483017af9,183,7102
1502,9496,1280487,36019,1181753,2020/11/26 05:00:00+00,7d82d686-a0b3-4905-bf45-3d42da84e4b5,159,6794
1503,10023,1290510,36214,1189499,2020/11/27 05:00:00+00,1ac7aa2a-12f7-4a61-b625-ceefd1550329,195,7746
1504,9103,1299613,36401,1197204,2020/11/28 05:00:00+00,d74d7087-39a3-49e5-ba7d-60103b4fde29,187,7705
1505,8763,1308376,36584,1204452,2020/11/29 05:00:00+00,b76d66da-79b7-4a18-a894-32f84fd56e70,183,7248
1506,8430,1316806,36766,1210489,2020/11/30 05:00:00+00,f16cd268-beba-4802-97b8-fd6e95f7692c,182,6037
1507,7986,1324792,36934,1217647,2020/12/01 05:00:00+00,5267b94d-20da-48a2-9215-0997b62940d3,168,7158
1508,9297,1334089,37117,1225635,2020/12/02 05:00:00+00,36c6021e-93b4-4133-bf12-cbf2cd9d6c22,183,7988
1509,9233,1343322,37305,1233115,2020/12/03 05:00:00+00,66207c80-b5df-456c-9c82-e02cd86b113c,188,7480
1510,9285,1352607,37467,1240990,2020/12/04 05:00:00+00,8206420e-c8ff-4c60-8c83-099a4ee61fe3,162,7875
1511,9642,1362249,37633,1249702,2020/12/05 05:00:00+00,528dfbaa-2e0f-4688-b7a2-48deec5ee240,166,8712
1512,8854,1371103,37807,1257410,2020/12/06 05:00:00+00,197d5fa2-8c59-456a-878c-da70124da24e,174,7708
1513,5997,1377100,37995,1267595,2020/12/07 05:00:00+00,07e0190b-3d42-4701-a453-561a801d5b47,188,10185
1514,7510,1384610,38158,1278326,2020/12/08 05:00:00+00,b8fafaa9-3cfd-4c60-a7d8-423bb980b9ea,163,10731
1515,7523,1392133,38308,1287597,2020/12/09 05:00:00+00,2fe8b9ad-5565-457d-89c9-d76e4d6f9698,150,9271
1516,7778,1399911,38484,1296420,2020/12/10 05:00:00+00,151f48d9-755c-46bc-abf3-e1eaf2089053,176,8823
1517,8998,1408909,38669,1304299,2020/12/11 05:00:00+00,cbbad7d6-dda3-46de-b17e-7d4a4e9547eb,185,7879
1518,8163,1417072,38866,1310425,2020/12/12 05:00:00+00,087aece3-5e73-470c-bd50-30aeea8f68e5,197,6126
1519,8702,1425774,39053,1314836,2020/12/13 05:00:00+00,cbdd626c-4f8d-424e-a815-85a9b252312a,187,4411
1520,8742,1434516,39195,1321469,2020/12/14 05:00:00+00,08699aab-a859-4390-8549-ec8131cbfef3,142,6633
1521,10130,1444646,39356,1328430,2020/12/15 05:00:00+00,a6b14812-e862-48ca-b109-01efb01340f0,161,6961
1522,11953,1456599,39560,1336166,2020/12/16 05:00:00+00,d19762cc-1ed5-418d-ba2a-05fc5b81c69f,204,7736
1523,12196,1468795,39787,1343819,2020/12/17 05:00:00+00,18b4192f-ff56-4f5c-8e7a-1b6c39e89af4,227,7653
1524,13277,1482072,40019,1354021,2020/12/18 05:00:00+00,965d7334-daba-4a85-8863-9e8dde757043,232,10202
1525,13990,1496062,40268,1362543,2020/12/19 05:00:00+00,06aa4e19-3c9c-4893-9b36-aac5deb9f616,249,8522
1526,11160,1507222,40475,1373332,2020/12/20 05:00:00+00,421d9e12-37d6-48c8-b2dd-0d034d7d9dee,207,10789
1527,10845,1518067,40680,1382340,2020/12/21 05:00:00+00,a3766cbf-5648-441f-bd95-12f10f1086d6,205,9008
1528,12526,1530593,40931,1394374,2020/12/22 05:00:00+00,96aeedc1-4ff1-439f-af56-80e8b4082f38,251,12034
1529,14233,1544826,41174,1404168,2020/12/23 05:00:00+00,2529f3ce-0716-4f18-b4d1-a050490e1e0d,243,9794
1530,14940,1559766,41454,1417316,2020/12/24 05:00:00+00,9b0cec59-f40b-430e-bb07-3259e38844c9,280,13148
1531,14941,1574707,41690,1430709,2020/12/25 05:00:00+00,8af12194-f363-429d-a008-d2bc1bfe963d,236,13393
1532,10196,1584903,41943,1444041,2020/12/26 05:00:00+00,9cc41302-4a55-4b5e-8824-fdf298710466,253,13332
1533,9594,1594497,42171,1455975,2020/12/27 05:00:00+00,5b048530-1e96-47d2-8322-f48e58d12d20,228,11934
1534,9310,1603807,42374,1469041,2020/12/28 05:00:00+00,e3febbf3-b224-439a-bbfc-60abfd9a0e77,203,13066
1535,11015,1614822,42620,1483027,2020/12/29 05:00:00+00,6f0be81f-da23-493c-91b1-0d162792a3af,246,13986
1536,11639,1626461,42909,1497180,2020/12/30 05:00:00+00,33f4cecf-771c-4eba-b878-881e820ca97b,289,14153
1537,16314,1642775,43213,1508419,2020/12/31 05:00:00+00,0dbf793d-2001-430c-a164-66cec7380734,304,11239
1538,12105,1654880,43495,1520548,2021/01/01 05:00:00+00,c40f3306-2e96-48a7-a493-12e5ecc52476,282,12129
1539,11528,1666408,43765,1530973,2021/01/02 05:00:00+00,dbd8fe95-4882-47ce-9324-f2b68964cb7d,270,10425
1540,9412,1675820,43965,1542353,2021/01/03 05:00:00+00,7fec4003-f7df-4485-82f4-4c250db19cc8,200,11380
1541,10311,1686131,44187,1552177,2021/01/04 05:00:00+00,33843f72-5f71-4e56-a393-792c3e6697f4,222,9824
1542,16835,1702966,44426,1559010,2021/01/05 05:00:00+00,57ddcb90-b64e-4727-8420-c57adff71af7,239,6833
1543,16805,1719771,44723,1569578,2021/01/06 05:00:00+00,42e6d2d8-773b-4bca-9726-4093c63ae413,297,10568
1544,17576,1737347,45067,1580285,2021/01/07 05:00:00+00,183452ee-5d91-4b1d-805e-406ea356d1ee,344,10707
1545,18221,1755568,45431,1597160,2021/01/08 05:00:00+00,97d90b85-7c98-4984-a8ab-186e476394cf,364,16875
1546,15795,1771363,45784,1609564,2021/01/09 05:00:00+00,c9ae6fc6-3266-44a4-a279-a80867e2194b,353,12404
1547,15537,1786900,46114,1621019,2021/01/10 05:00:00+00,f2373af6-99bc-4522-8c23-0d95d265fd28,330,11455
1548,15003,1801903,46451,1632614,2021/01/11 05:00:00+00,fcc73bd8-1527-4509-b7cd-1b44743b6b32,337,11595
1549,14179,1816082,46782,1646892,2021/01/12 05:00:00+00,847d1332-5614-48d1-b3d7-4b9be088abf3,331,14278
1550,15898,1831980,47124,1665003,2021/01/13 05:00:00+00,611ac991-817e-4fbf-8835-cda62fd6dbd2,342,18111
1551,17121,1849101,47491,1683835,2021/01/14 05:00:00+00,6c0275eb-0f06-4b68-984c-62c81fea9e6a,367,18832
1552,21078,1870179,47868,1698457,2021/01/15 05:00:00+00,3cb4d7c6-f783-4da3-87d7-835f83947188,377,14622
1553,20855,1891034,48256,1711924,2021/01/16 05:00:00+00,c40a7dbc-7256-429c-983f-c6c6722e3db9,388,13467
1554,17379,1908413,48631,1729633,2021/01/17 05:00:00+00,3951e17f-c405-48b4-8bb7-a01caaacf7a1,375,17709
1555,14719,1923132,49004,1754222,2021/01/18 05:00:00+00,9f03db5c-1d85-4a81-bcff-43a8393b18b4,373,24589
1556,15939,1939071,49402,1769935,2021/01/19 05:00:00+00,4bbb9575-b846-4103-8fc0-0b27de2f0f81,398,15713
1557,17908,1956979,49792,1786170,2021/01/20 05:00:00+00,3657054e-07d7-4375-af62-0836a53811d0,390,16235
1558,15366,1972345,50187,1801134,2021/01/21 05:00:00+00,7e63b3ad-08b2-4bfe-b7ed-47d24ea2be7e,395,14964
1559,15073,1987418,50586,1811552,2021/01/22 05:00:00+00,8b2b28c0-f8ef-4507-9620-f6e5e7aa63e1,399,10418
1560,15551,2002969,50982,1822309,2021/01/23 05:00:00+00,17478ecc-ec17-4ed8-a85f-402ca8655c30,396,10757
1561,12516,2015485,51374,1832168,2021/01/24 05:00:00+00,b6a71b79-5322-4d9e-a831-42b2047ed475,392,9859
1562,12261,2027746,51747,1849194,2021/01/25 05:00:00+00,ed2b49fc-402a-4bc1-8570-66b8cc1b8ff2,373,17026
1563,13606,2041352,52128,1864904,2021/01/26 05:00:00+00,5c11765d-3e04-4547-bb21-f945137dbc16,381,15710
1564,13953,2055305,52523,1880041,2021/01/27 05:00:00+00,931321d3-e8b8-4cff-ba91-e65d1dc3e4e1,395,15137
1565,12270,2067575,52913,1894384,2021/01/28 05:00:00+00,d1263492-e33b-41b1-b593-37ac5d687941,390,14343
1566,10058,2077633,53284,1909791,2021/01/29 05:00:00+00,72f5ce2e-e534-4e93-8271-c13b2b0b36be,371,15407
1567,9173,2086806,53650,1924401,2021/01/30 05:00:00+00,e8eae54b-34f0-4ac5-9caf-8c4a711edbca,366,14610
1568,8078,2094884,53983,1938322,2021/01/31 05:00:00+00,e0001ce9-445c-467c-9189-2fad5c931a80,333,13921
1569,9622,2104506,54272,1954674,2021/02/01 05:00:00+00,3d90f5c5-e950-4a85-91e2-7c1a3a3a2eb7,289,16352
1570,10091,2114597,54576,1971342,2021/02/02 05:00:00+00,54b05556-e11a-4ea9-8eef-72904c9bd041,304,16668
1571,11025,2125622,54877,1988958,2021/02/03 05:00:00+00,653b90c7-f9a5-4fa1-b307-fc8e41286313,301,17616
1572,9790,2135412,55131,2001135,2021/02/04 05:00:00+00,427922e7-e353-4976-8cae-308ed2f5dea3,254,12177
1573,7248,2142660,55403,2010941,2021/02/05 05:00:00+00,c99b0a27-ab43-41dd-8856-2558de0f8e00,272,9806
1574,8547,2151207,55693,2022331,2021/02/06 05:00:00+00,c569e845-45a5-4bf5-b27f-b1df0b2f7442,290,11390
1575,6009,2157216,55993,2027333,2021/02/07 05:00:00+00,1ddfd1fb-f353-4868-b020-05967489674b,300,5002
1576,4246,2161462,56290,2034228,2021/02/08 05:00:00+00,f7d7bf62-751c-4a44-884c-6f45038c7edc,297,6895
1577,5442,2166904,56507,2048292,2021/02/09 05:00:00+00,cdea59af-8e81-4456-b1f9-41295b7f71f6,217,14064
1578,6443,2173347,56733,2055468,2021/02/10 05:00:00+00,5556a3aa-cd8e-4cb1-94bc-013ff91f05d0,226,7176
1579,6294,2179641,56983,2065209,2021/02/11 05:00:00+00,64248d54-76b6-4cd1-b4b7-36f262bcc546,250,9741
1580,5528,2185169,57196,2072793,2021/02/12 05:00:00+00,c51ddc17-e426-422e-b19c-aef9c5604b4e,213,7584
1581,4947,2190116,57425,2078391,2021/02/13 05:00:00+00,a864599c-3c34-4599-bd53-bc0a5225bed8,229,5598
1582,4923,2195039,57605,2083551,2021/02/14 05:00:00+00,94f9de47-9f1b-4a82-87cf-868222941d07,180,5160
1583,3510,2198549,57786,2090467,2021/02/15 05:00:00+00,63449523-a1f5-4653-b818-ae6ab59d00d9,181,6916
1584,4049,2202598,57949,2095105,2021/02/16 05:00:00+00,3dfcb96c-e896-432f-89e1-e05ab8fa9c62,163,4638
1585,5103,2207701,58134,2099628,2021/02/17 05:00:00+00,7be6a085-889d-442d-9e83-6cd04278a8f4,185,4523
1586,4824,2212525,58334,2105445,2021/02/18 05:00:00+00,e4d70960-653d-4802-b8bd-f371a2f2f960,200,5817
1587,4476,2217001,58511,2110562,2021/02/19 05:00:00+00,586f2230-f01f-4027-b0f9-910bc7dd8a63,177,5117
1588,5017,2222018,58685,2115470,2021/02/20 05:00:00+00,36219129-e032-4bd2-b3c7-f7fe30cf8d7a,174,4908
1589,4244,2226262,58834,2120366,2021/02/21 05:00:00+00,42109211-f58e-4440-b8c7-2d73dcade4b3,149,4896
1590,3401,2229663,58974,2124695,2021/02/22 05:00:00+00,7b036361-64b5-4267-8a8d-49063440566e,140,4329
1591,3926,2233589,59118,2129491,2021/02/23 05:00:00+00,173b1a7a-19c4-4b6c-bbed-512cee107350,144,4796
1592,3953,2237542,59260,2134054,2021/02/24 05:00:00+00,a19ccbde-3328-4618-88c4-23a57712ded1,142,4563
1593,3683,2241225,59396,2138193,2021/02/25 05:00:00+00,ed5333e4-0d69-4e7c-b7a3-0cea2b8a07f0,136,4139
1594,3567,2244792,59518,2141874,2021/02/26 05:00:00+00,11042aac-d50d-40f4-80d4-cac99a9aeb35,122,3681
1595,3343,2248135,59660,2145450,2021/02/27 05:00:00+00,d2683cd3-e947-4685-8fd3-f25e5f82031b,142,3576
1596,3555,2251690,59766,2148249,2021/02/28 05:00:00+00,a4780d39-ebad-4dde-a849-6e295f69ce89,106,2799
1597,3570,2255260,59866,2151633,2021/03/01 05:00:00+00,788273aa-d550-4dcd-8f6e-2fa0dec459f2,100,3384
1598,4339,2259599,59972,2156057,2021/03/02 05:00:00+00,ecbb6b8e-5245-490a-ba54-aff90f8b0177,106,4424
1599,3047,2262646,60082,2160555,2021/03/03 05:00:00+00,a248c7cf-4b76-4bf6-a800-15d6de13b41c,110,4498
1600,3565,2266211,60189,2164438,2021/03/04 05:00:00+00,a2f1417a-69a3-410f-98c1-ccdb29a393da,107,3883
1601,3371,2269582,60300,2168149,2021/03/05 05:00:00+00,d0111345-e56d-4baa-8323-643430a42c16,111,3711
1602,3663,2273245,60412,2172418,2021/03/06 05:00:00+00,1740ad77-34de-414b-aebb-a1ac73aa77a1,112,4269
1603,3411,2276656,60503,2177199,2021/03/07 05:00:00+00,c0ccd92d-15ad-49c5-9c0c-85cfb2349cbf,91,4781
1604,2205,2278861,60598,2180768,2021/03/08 05:00:00+00,16ddaa62-b792-4188-885e-7ba717812358,95,3569
1605,3511,2282372,60676,2183635,2021/03/09 05:00:00+00,7ff1d572-bb1f-4030-b9a4-be5fb768024c,78,2867
1606,3588,2285960,60773,2187473,2021/03/10 05:00:00+00,3869080c-5ce5-4c75-be5f-2d8642be7838,97,3838
1607,4579,2290539,60858,2191171,2021/03/11 05:00:00+00,f320237a-25d0-45c9-a24c-2da297306e2e,85,3698
1608,4078,2294617,60950,2195569,2021/03/12 05:00:00+00,55a0a11c-275f-42be-9831-ea46501722fc,92,4398
1609,4465,2299082,61046,2199508,2021/03/13 05:00:00+00,179f3614-37c3-4555-9252-bb36f67422de,96,3939
1610,4062,2303144,61143,2202580,2021/03/14 05:00:00+00,502aab64-3a3d-409e-8af6-38e5c999b4fe,97,3072
1611,2740,2305884,61243,2206210,2021/03/15 05:00:00+00,8608e1f4-fca4-4f01-b604-91155c9d0991,100,3630
1612,3716,2309600,61368,2209224,2021/03/16 05:00:00+00,0af1108e-7479-42b6-8d91-b4cd2c43e53a,125,3014
1613,4554,2314154,61498,2212512,2021/03/17 05:00:00+00,a97a84ec-2eca-47e0-bcaa-35808a9aee06,130,3288
1614,5139,2319293,61636,2216945,2021/03/18 05:00:00+00,561ae30a-2912-4140-83b9-ac3eed44e21a,138,4433
1615,5133,2324426,61771,2221642,2021/03/19 05:00:00+00,c15c9d8f-6fc2-4bee-94ff-3aedca11c379,135,4697
1616,6761,2331187,61907,2225725,2021/03/20 05:00:00+00,5a24283e-5901-45e8-85a3-809c0e1c36f5,136,4083
1617,5963,2337150,62028,2230195,2021/03/21 05:00:00+00,3770345b-1e21-4d23-9e9e-d6a636e07a49,121,4470
1618,5128,2342278,62148,2235343,2021/03/22 05:00:00+00,59d3832a-4e78-437b-a613-dcf2f4c8c560,120,5148
1619,4946,2347224,62274,2239936,2021/03/23 05:00:00+00,004f02e4-da19-4da9-add8-211240fd45d6,126,4593
1620,5986,2353210,62394,2244522,2021/03/24 05:00:00+00,a8d665b6-0ce9-44da-ae7d-ccb37bdcb91e,120,4586
1621,6732,2359942,62519,2250063,2021/03/25 05:00:00+00,4c87d4af-6e02-4eab-8e49-35bac1aa5a5d,125,5541
1622,7395,2367337,62645,2255948,2021/03/26 05:00:00+00,7c8df22a-71ac-432f-8587-628978658832,126,5885
1623,8254,2375591,62790,2261373,2021/03/27 05:00:00+00,fb21b517-2c68-49e8-9fb0-dcfffaaccf07,145,5425
1624,7139,2382730,62955,2267760,2021/03/28 05:00:00+00,7742d1f1-5a9b-4f9e-a199-5bf5578c6b66,165,6387
1625,7049,2389779,63079,2273909,2021/03/29 05:00:00+00,f7ea7734-4604-4642-ac91-2e6b8b7de88b,124,6149
1626,7952,2397731,63255,2279840,2021/03/30 05:00:00+00,e931ebcf-14d8-4860-8706-b9a92aa66403,176,5931
1627,8646,2406377,63422,2285515,2021/03/31 05:00:00+00,ebb4f161-5270-4666-875c-185b38cdc73f,167,5675
1628,11449,2417826,63614,2292803,2021/04/01 05:00:00+00,f3a695f1-c187-4808-941f-b4d2147aa37c,192,7288
1629,10222,2428048,63777,2300887,2021/04/02 05:00:00+00,5ce2ddff-8974-4cf9-a940-0403236cabd8,163,8084
1630,9149,2437197,63932,2309356,2021/04/03 05:00:00+00,56528b5a-f0b8-4484-b9fb-cfd212842df8,155,8469
1631,9022,2446219,64094,2317564,2021/04/04 05:00:00+00,0e0cceae-0337-4778-9a49-4cc99116e409,162,8208
1632,10190,2456409,64293,2325833,2021/04/05 05:00:00+00,7fcc07a6-b4a5-4c76-b844-0d15602732bb,199,8269
1633,11827,2468236,64524,2336356,2021/04/06 05:00:00+00,47db346d-9bc6-4605-a41b-f1e8b5bcfa07,231,10523
1634,11381,2479617,64767,2345471,2021/04/07 05:00:00+00,3c79b669-884f-424b-9feb-38b2b9100235,243,9115
1635,12464,2492081,65014,2355832,2021/04/08 05:00:00+00,47715873-2542-4768-a123-341bc2765079,247,10361
1636,12125,2504206,65283,2365566,2021/04/09 05:00:00+00,0da790f5-3f20-456d-b8d2-f5f3dba82a77,269,9734
1637,14509,2518715,65608,2375176,2021/04/10 05:00:00+00,b9247827-2c1e-464e-8d05-401ad4caf071,325,9610
1638,17483,2536198,65889,2383785,2021/04/11 05:00:00+00,20127fea-6fac-4626-98e4-de39fa1bf8b4,281,8609
1639,16739,2552937,66156,2395733,2021/04/12 05:00:00+00,0e54773b-4e64-4f58-96fd-985932f77562,267,11948
1640,16377,2569314,66482,2408624,2021/04/13 05:00:00+00,72172607-c93e-44a1-a4e1-a0cc654d0f7c,326,12891
1641,16487,2585801,66819,2419265,2021/04/14 05:00:00+00,009e1447-bbed-4a72-9d75-fb8cbed243a7,337,10641
1642,16918,2602719,67199,2432061,2021/04/15 05:00:00+00,6454f7f3-70c7-4b1d-8502-672d582d4aaf,380,12796
1643,16703,2619422,67564,2442453,2021/04/16 05:00:00+00,2e8d2463-2fa2-430d-a1b8-c79f7db6640d,365,10392
1644,16654,2636076,67931,2457888,2021/04/17 05:00:00+00,83f110d8-55d5-4d8e-9a2b-9cc33ed8d881,367,15435
1645,16871,2652947,68328,2471498,2021/04/18 05:00:00+00,c556a764-b2e6-479f-9551-e872447fcbe7,397,13610
1646,14189,2667136,68748,2488246,2021/04/19 05:00:00+00,f12d8110-ceb6-4f5d-a0a0-5fb606bcf021,420,16748
1647,16965,2684101,69177,2505738,2021/04/20 05:00:00+00,7f89369d-54d0-48df-8a97-d269e3d86a3c,429,17492
1648,17212,2701313,69596,2521944,2021/04/21 05:00:00+00,9b95b398-7010-4459-9036-b9700b6cc293,419,16206
1649,19306,2720619,70026,2538020,2021/04/22 05:00:00+00,b3ecc631-b8f5-4600-8872-f6d2e638cd1e,430,16076
1650,19925,2740544,70446,2555619,2021/04/23 05:00:00+00,591aef4b-ab6c-4005-b34f-c882e8979346,420,17599
1651,16730,2757274,70886,2573657,2021/04/24 05:00:00+00,d023c21f-53a9-4cf5-ade6-203f040db8c9,440,18038
1652,17190,2774464,71351,2588204,2021/04/25 05:00:00+00,1af7582b-f20b-4a8b-b165-1a94accc9275,465,14547
1653,12839,2787303,71799,2602489,2021/04/26 05:00:00+00,71ae6959-08f6-4336-95b6-46a1429cc150,448,14285
1654,17578,2804881,72235,2616821,2021/04/27 05:00:00+00,e7df9a25-e81f-4805-9abb-35e762db281d,436,14332
1655,19745,2824626,72725,2632699,2021/04/28 05:00:00+00,912c6b3a-7449-479b-82da-a489fac16bf5,490,15878
1656,17308,2841934,73230,2650643,2021/04/29 05:00:00+00,926fb6aa-a6e9-4461-a725-fe15acc95f0f,505,17944
1657,17790,2859724,73720,2669308,2021/04/30 05:00:00+00,8274f5e3-93de-4d55-af02-98d29eb1a41f,490,18665
1658,18022,2877746,74215,2686399,2021/05/01 05:00:00+00,e3c606a6-f6f9-4eb0-989f-ea41ae3d0331,495,17091
1659,15909,2893655,74700,2700594,2021/05/02 05:00:00+00,61d9f046-0446-4e33-a7ee-d28fffc7e8d1,485,14195
1660,11599,2905254,75164,2721317,2021/05/03 05:00:00+00,23d58109-07f5-4736-8d11-ef77ca5600cb,464,20723
1661,14551,2919805,75627,2737757,2021/05/04 05:00:00+00,72ecd899-d0e0-41c4-a00b-fcbaa123df0d,463,16440
1662,14806,2934611,76015,2754940,2021/05/05 05:00:00+00,d94c57a2-c833-46c6-a16f-a0b303dd83fc,388,17183
1663,16490,2951101,76414,2773220,2021/05/06 05:00:00+00,ace02e0e-0554-4a59-9d07-c8c6c55c64cb,399,18280
1664,17517,2968618,76867,2788751,2021/05/07 05:00:00+00,2cd9defc-6fa4-4cb4-9970-68826a904d22,453,15531
1665,16918,2985536,77359,2806310,2021/05/08 05:00:00+00,82634599-f4ec-4705-ba21-10faf61ac3aa,492,17559
1666,17222,3002758,77854,2819874,2021/05/09 05:00:00+00,a2974e90-6599-455a-8980-af089becd569,495,13564
1667,12543,3015301,78342,2835554,2021/05/10 05:00:00+00,71bbe1c1-e6a9-43ba-bc4c-9a2b57830e4a,488,15680
1668,16425,3031726,78771,2848153,2021/05/11 05:00:00+00,0166fab7-f881-438b-a2da-50c66998260f,429,12599
1669,16993,3048719,79261,2859627,2021/05/12 05:00:00+00,712f1fd5-50b0-4fd6-a885-4b664d7113f2,490,11474
1670,19160,3067879,79760,2874656,2021/05/13 05:00:00+00,82975118-0cc1-49f4-bd2c-54d55497af3a,499,15029
1671,16581,3084460,80250,2888990,2021/05/14 05:00:00+00,9be256c6-6bd5-43e8-8da5-eb404410dfa2,490,14334
1672,18873,3103333,80780,2902646,2021/05/15 05:00:00+00,3f450fb6-7f2f-4e8b-b7f3-fba69dc20223,530,13656
1673,15093,3118426,81300,2917584,2021/05/16 05:00:00+00,6bfef3c5-b8d8-456b-9b70-2a1c75db8e99,520,14938
1674,12984,3131410,81809,2931280,2021/05/17 05:00:00+00,fafdf54f-509e-4850-8015-21e979cbea6f,509,13696
1675,13137,3144547,82291,2947661,2021/05/18 05:00:00+00,a1fb5b7c-909d-43ca-b6b4-5bc924282d2b,482,16381
1676,16579,3161126,82743,2961313,2021/05/19 05:00:00+00,ca3337fd-faaf-4312-a34e-c57da40de818,452,13652
1677,16086,3177212,83233,2979233,2021/05/20 05:00:00+00,25b38e66-02b4-4c37-9a22-adc7172af512,490,17920
1678,14838,3192050,83719,2998123,2021/05/21 05:00:00+00,5d3ff642-1a19-49a9-b408-14fcf3e6eba6,486,18890
1679,18737,3210787,84228,3011234,2021/05/22 05:00:00+00,89827824-ebfd-4fc1-9754-ace535f3e3f2,509,13111
1680,21669,3232456,84724,3026277,2021/05/23 05:00:00+00,f2791476-fb88-48fe-9366-afe0e38b6e86,496,15043
1681,16977,3249433,85207,3046147,2021/05/24 05:00:00+00,635e4236-0874-4247-915f-67d57d77591c,483,19870
1682,21181,3270614,85666,3063330,2021/05/25 05:00:00+00,3712f630-6f8d-427a-9092-b753705b8a4b,459,17183
1683,23487,3294101,86180,3078965,2021/05/26 05:00:00+00,82553339-4ce8-4eb2-85f0-491bf468f83c,514,15635
1684,25092,3319193,86692,3101390,2021/05/27 05:00:00+00,bf9a1ed9-b3d7-4717-ae1d-777467e2b4e6,512,22425
1685,23374,3342567,87207,3121888,2021/05/28 05:00:00+00,523c6de7-6335-4116-9d5a-c69f39de5e67,515,20498
1686,20494,3363061,87747,3141549,2021/05/29 05:00:00+00,cdee0fbc-f123-4d0e-939a-6715e889dc32,540,19661
1687,20218,3383279,88282,3153961,2021/05/30 05:00:00+00,15046159-9ef7-45db-aa71-5ccceac49c4b,535,12412
1688,23177,3406456,88774,3169573,2021/05/31 05:00:00+00,13970c98-aab6-4821-b7a9-9dd6a5e2b5aa,492,15612
1689,25966,3432422,89297,3193406,2021/06/01 05:00:00+00,5bbc3d5d-43ec-4afa-9479-7965c3a2981a,523,23833
1690,27000,3459422,89808,3218620,2021/06/02 05:00:00+00,c518903e-8113-46af-ac8d-72f1776329b2,511,25214
1691,28624,3488046,90353,3242060,2021/06/03 05:00:00+00,510282c0-e938-48d8-b4b7-424cf8f614b6,545,23440
1692,30000,3518046,90890,3267100,2021/06/04 05:00:00+00,0f6f9777-66c4-439e-9e2f-a15fef7f3869,537,25040
1693,28971,3547017,91422,3290596,2021/06/05 05:00:00+00,19d03b38-04f5-4807-aa2e-1619b5575b0a,532,23496
1694,24050,3571067,91961,3310737,2021/06/06 05:00:00+00,5a738377-031d-4061-8c9a-e57df5ad6961,539,20141
1695,21949,3593016,92496,3340543,2021/06/07 05:00:00+00,ec7e74b5-aa10-44ba-985a-bb339d8ed774,535,29806
1696,18586,3611602,92923,3365050,2021/06/08 05:00:00+00,24efe1d2-163e-4f52-affd-81eae9d33db4,427,24507
1697,24233,3635835,93473,3385586,2021/06/09 05:00:00+00,4768c05d-bdee-4249-b046-4e5048db3272,550,20536
1698,29302,3665137,94046,3409076,2021/06/10 05:00:00+00,21cbfba5-7b7e-4876-a0d8-622affbad394,573,23490
1699,29570,3694707,94615,3435109,2021/06/11 05:00:00+00,4ee6dc99-c3fe-429c-bcf1-213c010c8d5d,569,26033
1700,29998,3724705,95192,3457117,2021/06/12 05:00:00+00,81f82dee-903d-434e-b634-f4231d393d3e,577,22008
1701,28519,3753224,95778,3477656,2021/06/13 05:00:00+00,0be52e81-2811-46aa-abff-f984d4775717,586,20539
1702,24376,3777600,96366,3510709,2021/06/14 05:00:00+00,71cd3442-051c-421c-a526-a0379b0fe168,588,33053
1703,24452,3802052,96965,3539442,2021/06/15 05:00:00+00,0fd78f0d-0db4-4b7a-a373-b0462a6c2454,599,28733
1704,27827,3829879,97560,3565158,2021/06/16 05:00:00+00,a78e4bee-10aa-433c-a23a-a7ad79a13a85,595,25716
1705,29945,3859824,98156,3589895,2021/06/17 05:00:00+00,fc9dc9e5-4cf6-466b-a2da-45f9a6da8e43,596,24737
1706,28790,3888614,98746,3616680,2021/06/18 05:00:00+00,d0a0f1d9-f145-4675-9a06-dbed7c2cb254,590,26785
1707,28734,3917348,99335,3644287,2021/06/19 05:00:00+00,24720849-86dc-4893-a16f-f4de3644d9d0,589,27607
1708,27818,3945166,99934,3667161,2021/06/20 05:00:00+00,0d97ecf0-56c3-46f6-ba27-52d7230a35c2,599,22874
1709,23239,3968405,100688,3685947,2021/06/21 05:00:00+00,375a5c8f-eb5e-48f5-9a74-18f85dc98ecb,754,18786
1710,28616,3997021,101302,3714962,2021/06/22 05:00:00+00,bbc8afae-476a-4012-999d-2fd6a57eb763,614,29015
1711,29995,4027016,101947,3741459,2021/06/23 05:00:00+00,86c8d308-22ae-447c-8eec-508418656372,645,26497
1712,32997,4060013,102636,3769887,2021/06/24 05:00:00+00,05696994-a7fc-486c-beaa-d6ec8a67f7f1,689,28428
1713,32733,4092746,103321,3800388,2021/06/25 05:00:00+00,a1704efa-a0f5-4449-8734-96996a5ff470,685,30501
1714,33594,4126340,104014,3829487,2021/06/26 05:00:00+00,9fb53332-a4a9-47ee-a4e3-a184b8e74454,693,29099
1715,32376,4158716,104678,3854457,2021/06/27 05:00:00+00,71c9d976-d384-437c-a7b6-580689744a55,664,24970
1716,28478,4187194,105326,3880261,2021/06/28 05:00:00+00,09606517-e1ff-4ff3-83a8-db9051ca76a1,648,25804
1717,25880,4213074,105934,3908310,2021/06/29 05:00:00+00,b3084633-6440-4975-a8a8-8d4c47fa82b3,608,28049
1718,27908,4240982,106544,3936156,2021/06/30 05:00:00+00,9462c13e-a06b-444c-85b5-304207673cbc,610,27846
1719,28315,4269297,107137,3964074,2021/07/01 05:00:00+00,84c79f17-71d6-478e-9ea9-995bc8a4da62,593,27918
1720,28005,4297302,107723,3993651,2021/07/02 05:00:00+00,4e075758-fd4b-4a45-b14b-d51c4385ba64,586,29577
1721,26928,4324230,108314,4021254,2021/07/03 05:00:00+00,b460b9bb-6ba1-4b39-a18a-268f39b8f38f,591,27603
1722,26265,4350495,108896,4047147,2021/07/04 05:00:00+00,21581ad0-145a-45c0-8aff-5420b4a6fc41,582,25893
1723,25336,4375831,109466,4076013,2021/07/05 05:00:00+00,2c403fe5-25d0-478f-82de-e037c20461bb,570,28866
1724,26751,4402582,110019,4113917,2021/07/06 05:00:00+00,a95a9b04-99e0-403d-a3c2-d1452611b285,553,37904
1725,24229,4426811,110578,4142384,2021/07/07 05:00:00+00,f805c07c-c288-415d-8d00-e620fc9f136e,559,28467
1726,23275,4450086,111155,4172018,2021/07/08 05:00:00+00,7578e081-fe8f-4500-9260-2f1abe8f1ddf,577,29634
1727,21536,4471622,111731,4199227,2021/07/09 05:00:00+00,ac504883-8ba4-4bf0-be09-4985cad6fbc7,576,27209
1728,20915,4492537,112298,4228198,2021/07/10 05:00:00+00,8bc0ebe8-b010-4a29-9092-da7961f7ec05,567,28971
1729,19423,4511960,112826,4254558,2021/07/11 05:00:00+00,2cbcc62f-96bd-4f63-9fb9-8f976b6de589,528,26360
1730,18650,4530610,113335,4276465,2021/07/12 05:00:00+00,2826c4fe-e490-4c67-9ad6-8de9b64612ab,509,21907
1731,17532,4548142,113839,4299931,2021/07/13 05:00:00+00,482202fc-a0ca-47a3-9559-fb36a902d989,504,23466
1732,17230,4565372,114337,4317436,2021/07/14 05:00:00+00,e55e5403-1bbe-4999-89b9-474813ef035f,498,17505
1733,18070,4583442,114833,4335929,2021/07/15 05:00:00+00,3caa9c1c-fa83-4402-bcb5-530120066fe6,496,18493
1734,17893,4601335,115333,4353957,2021/07/16 05:00:00+00,64a42836-cc6e-49ee-8dda-73cbd2cc065d,500,18028
1735,19925,4621260,115831,4372434,2021/07/17 05:00:00+00,bb5bb3c6-fcac-47a3-8139-bf794d96166f,498,18477
1736,18206,4639466,116307,4389277,2021/07/18 05:00:00+00,ff91c139-c0e0-4634-832a-9a865a318b84,476,16843
1737,16455,4655921,116753,4408026,2021/07/19 05:00:00+00,1e750fec-a6bf-47e2-97c3-8fc6a5e451e4,446,18749
1738,12829,4668750,117131,4422866,2021/07/20 05:00:00+00,f730e8ad-378a-4210-b4a5-08c969604988,378,14840
1739,11244,4679994,117482,4435550,2021/07/21 05:00:00+00,c0bc96d3-46db-42a0-825f-d1546beb43ab,351,12684
1740,12576,4692570,117836,4449027,2021/07/22 05:00:00+00,110d573e-a1e9-49c3-881e-74a47796a2ce,354,13477
1741,13164,4705734,118188,4462579,2021/07/23 05:00:00+00,8aaa1122-c761-4521-a645-6c0b28894d92,352,13552
1742,11064,4716798,118538,4477155,2021/07/24 05:00:00+00,07cdd6dc-bc52-4c13-b448-41b69a16d998,350,14576
1743,11048,4727846,118868,4487973,2021/07/25 05:00:00+00,095c206d-65ab-49eb-8dc7-4d666607e8f2,330,10818
1744,8503,4736349,119182,4505112,2021/07/26 05:00:00+00,cde81e4a-6687-449b-9837-345474060f4e,314,17139
1745,11426,4747775,119482,4526917,2021/07/27 05:00:00+00,d969d24e-5291-4d23-a41f-ba7d87d69e1f,300,21805
1746,9364,4757139,119801,4545346,2021/07/28 05:00:00+00,46b0da44-a1c2-4c73-bb46-aae0c8bfe525,319,18429
1747,9690,4766829,120126,4557829,2021/07/29 05:00:00+00,bb3c512a-d2cb-4f78-a4c4-29a3f7e676ac,325,12483
1748,9462,4776291,120432,4567701,2021/07/30 05:00:00+00,95725de6-e98b-474e-ad4f-e8874d03557f,306,9872
1749,9029,4785320,120723,4578519,2021/07/31 05:00:00+00,dea47c8c-03fc-4459-9194-532e2ab78943,291,10818
1750,9094,4794414,120998,4587754,2021/08/01 05:00:00+00,647f9e6d-7272-4663-92d3-3dca7ce259dc,275,9235
1751,6636,4801050,121216,4598176,2021/08/02 05:00:00+00,80e33a8e-61bb-421e-bc4b-096ac15be964,218,10422
1752,6929,4807979,121484,4606140,2021/08/03 05:00:00+00,864c7c31-ef65-4003-877b-b9924452e75a,268,7964
1753,7084,4815063,121695,4615354,2021/08/04 05:00:00+00,50a23b30-2fcc-4f78-b762-3ab471520ed4,211,9214
1754,6540,4821603,121899,4624669,2021/08/05 05:00:00+00,12d630fa-ceea-4f5a-889a-0e27030126ab,204,9315
1755,6980,4828583,122087,4632801,2021/08/06 05:00:00+00,7962d34a-ad6d-463c-8bf7-8fff8a75e27b,188,8132
1756,6051,4834634,122277,4643087,2021/08/07 05:00:00+00,5751bd9d-5f8e-4608-91ac-eb6f61f8fc57,190,10286
1757,4350,4838984,122458,4649453,2021/08/08 05:00:00+00,88408ca5-65c0-48ad-95bb-ed5269ae849c,181,6366
1758,4023,4843007,122601,4656709,2021/08/09 05:00:00+00,665111ec-a6e3-4f0c-b5a5-f9c8c2285af3,143,7256
1759,3948,4846955,122768,4662658,2021/08/10 05:00:00+00,d6577b14-f250-49dc-9e13-4ffc88598b13,167,5949
1760,5368,4852323,122953,4668790,2021/08/11 05:00:00+00,dca4bd53-d9fe-4155-8d2a-316fa0daa07a,185,6132
1761,4272,4856595,123097,4675215,2021/08/12 05:00:00+00,ca167032-8c8c-455a-b674-32b1d47a6fe2,144,6425
1762,4027,4860622,123221,4681231,2021/08/13 05:00:00+00,6e0463a4-a81a-4a17-88b3-089c446ac714,124,6016
1763,4007,4864629,123356,4685895,2021/08/14 05:00:00+00,60bd4aac-cf55-40e5-b21f-37ee43baf5d7,135,4664
1764,3132,4867761,123459,4690855,2021/08/15 05:00:00+00,0c199a84-b75f-4264-8e21-1334fde58033,103,4960
1765,3161,4870922,123580,4694808,2021/08/16 05:00:00+00,ce5206ea-31b0-4e0d-8517-c64a067e87a3,121,3953
1766,3247,4874169,123688,4698770,2021/08/17 05:00:00+00,4545df64-2cad-408d-aedc-e606c1890858,108,3962
1767,3154,4877323,123781,4702478,2021/08/18 05:00:00+00,4348b0a7-0b98-419e-9137-6278334c6c63,93,3708
1768,3193,4880516,123901,4706978,2021/08/19 05:00:00+00,c732dc79-cb20-461c-a7c7-d5bde40a18ad,120,4500
1769,3416,4883932,124023,4710952,2021/08/20 05:00:00+00,77e1b42c-c522-4268-b8fc-60f220a3e589,122,3974
1770,2965,4886897,124121,4715218,2021/08/21 05:00:00+00,9dc41f53-1201-40a2-93bc-ea7767e28e7e,98,4266
1771,2640,4889537,124216,4718500,2021/08/22 05:00:00+00,1cea3283-ddcc-484a-9e05-62725b3a426d,95,3282
1772,2698,4892235,124315,4721710,2021/08/23 05:00:00+00,d2fbebdf-24cd-499f-957e-72f2b256cc4d,99,3210
1773,2467,4894702,124388,4725018,2021/08/24 05:00:00+00,d11f7f34-287e-4a05-ac50-75ce133511ba,73,3308
1774,2448,4897150,124474,4727307,2021/08/25 05:00:00+00,da39bb1d-4a3c-4b31-ad85-3044e0605b14,86,2289
1775,1935,4899085,124567,4729909,2021/08/26 05:00:00+00,26d74f7a-5896-48e6-85e7-de5bf4708b05,93,2602
1776,2078,4901163,124648,4731933,2021/08/27 05:00:00+00,cc96ff87-5190-4c5b-b307-48e8280a387b,81,2024
1777,2141,4903304,124743,4734162,2021/08/28 05:00:00+00,d9a91dd3-3229-4b57-aa08-d9e21e4f4574,95,2229
1778,1954,4905258,124811,4736032,2021/08/29 05:00:00+00,47bb99f9-7570-4fd0-9bff-62a0b395cc24,68,1870
1779,2006,4907264,124883,4737467,2021/08/30 05:00:00+00,1545d668-ef4c-4c45-bb25-a337c7fc1e1d,72,1435
1780,1822,4909086,124945,4738885,2021/08/31 05:00:00+00,e4941721-08a2-4e3d-aee3-b46f63180a9b,62,1418
1781,1996,4911082,125016,4740709,2021/09/01 05:00:00+00,67922974-7333-4b65-ab5b-91c6ee0a0ae0,71,1824
1782,1949,4913031,125097,4742640,2021/09/02 05:00:00+00,ef994f1e-08e4-417b-bf11-8ebe9fb43b48,81,1931
1783,1850,4914881,125158,4744394,2021/09/03 05:00:00+00,fb70380e-4e90-4568-83e4-edd1ddb6e485,61,1754
1784,2099,4916980,125230,4746546,2021/09/04 05:00:00+00,5c17c9ba-ab98-49fe-93cf-2b44e38c18bc,72,2152
1785,1669,4918649,125278,4750020,2021/09/05 05:00:00+00,108caca8-c053-4f65-baed-354acbdad208,48,3474
1786,1124,4919773,125331,4754655,2021/09/06 05:00:00+00,879ecafe-7dfc-450d-af5f-c3fd5b3c78f0,53,4635
1787,1637,4921410,125378,4756976,2021/09/07 05:00:00+00,b742e0e3-c6fd-4622-be93-95bd81a28d6e,47,2321
1788,1787,4923197,125427,4758983,2021/09/08 05:00:00+00,1690056d-6199-4e88-bf3d-b3b29a6587bc,49,2007
1789,1803,4925000,125480,4761373,2021/09/09 05:00:00+00,ef377aa4-f318-4e67-8ba4-b618145aa4d9,53,2390
1790,1772,4926772,125529,4763695,2021/09/10 05:00:00+00,57d05cd8-ad80-43d9-b32a-de28ca31b294,49,2322
1791,1806,4928578,125592,4765975,2021/09/11 05:00:00+00,9f5b62bd-0960-4ce8-9dd5-c9c67364e5fa,63,2280
1792,1671,4930249,125647,4767574,2021/09/12 05:00:00+00,c692b358-49c8-41da-a5da-1f5e3d9fb448,55,1599
1793,1314,4931563,125687,4769617,2021/09/13 05:00:00+00,7b97369f-5db9-41ce-b590-34aa751506e8,40,2043
1794,1435,4932998,125713,4771125,2021/09/14 05:00:00+00,f1e7f2e0-d2b7-4784-914d-f1931360709c,26,1508
1795,1570,4934568,125753,4772899,2021/09/15 05:00:00+00,a32efb60-bb87-4b66-babf-2944c1e06216,40,1774
1796,1484,4936052,125782,4774661,2021/09/16 05:00:00+00,0f3b37f4-9735-45f9-9a9a-d432e47765ae,29,1762
1797,1544,4937596,125826,4776169,2021/09/17 05:00:00+00,541cb17e-58d7-4686-8cbd-fd78800b094a,44,1508
1798,1655,4939251,125860,4777796,2021/09/18 05:00:00+00,38242175-6635-49f6-a403-e9093aca8bf2,34,1627
1799,1813,4941064,125895,4779552,2021/09/19 05:00:00+00,280d80a5-007b-4e02-879e-33cf665fca39,35,1756
1800,1185,4942249,125924,4781654,2021/09/20 05:00:00+00,4769893d-78f0-49c4-8556-cef711810eeb,29,2102
1801,1373,4943622,125962,4783334,2021/09/21 05:00:00+00,c4afceb8-1161-48db-81dc-123d2678403f,38,1680
1802,1581,4945203,126006,4784749,2021/09/22 05:00:00+00,5385ac3c-8f59-4bde-95cd-ad2365a87936,44,1415
1803,1608,4946811,126032,4786487,2021/09/23 05:00:00+00,9eb2fcd6-a140-4baa-8417-37b33c5d5b56,26,1738
1804,1702,4948513,126068,4788573,2021/09/24 05:00:00+00,a530691c-e8b4-465a-966c-8d7a1547aaa0,36,2086
1805,1740,4950253,126102,4790128,2021/09/25 05:00:00+00,91ff208d-d12f-4e86-ad3d-b8b60e2fc161,34,1555
1806,1422,4951675,126145,4791715,2021/09/26 05:00:00+00,8eedf68a-3e93-47e1-829e-6585622e9247,43,1587
1807,1015,4952690,126178,4793387,2021/09/27 05:00:00+00,06b8f200-e87f-4565-9046-4d704769b9bb,33,1672
1808,1686,4954376,126219,4795975,2021/09/28 05:00:00+00,6ffb723a-f6ff-4403-b4a0-f5f0ef35f89f,41,2588
1809,1472,4955848,126261,4797967,2021/09/29 05:00:00+00,6408e3f2-6a7f-42e4-a91c-d76382313022,42,1992
1810,1429,4957277,126299,4799576,2021/09/30 05:00:00+00,2ecdee54-19c3-4da7-825d-add1d7698d43,38,1609
1811,1867,4959144,126336,4801028,2021/10/01 05:00:00+00,774a8982-1da8-40e4-b989-86c3d8ba2e93,37,1452
1812,1497,4960641,126372,4802907,2021/10/02 05:00:00+00,3ed11c72-fba7-4065-8439-25f71a6f5b16,36,1879
1813,1413,4962054,126401,4804357,2021/10/03 05:00:00+00,182562d6-cdf0-4745-8265-51623e2a8762,29,1450
1814,1189,4963243,126425,4806054,2021/10/04 05:00:00+00,f10a6b33-2ac6-474d-aed4-61ee4043e702,24,1697
1815,1211,4964454,126455,4807507,2021/10/05 05:00:00+00,d3e88303-c1f2-4867-bc06-29c677ba73f5,30,1453
1816,1393,4965847,126487,4808800,2021/10/06 05:00:00+00,04309b49-d7cc-4633-9bf9-25744e29ae97,32,1293
1817,1677,4967524,126517,4810312,2021/10/07 05:00:00+00,a0d5f9cc-d5f3-4e53-b6e8-6280d3229bd0,30,1512
1818,1607,4969131,126552,4812120,2021/10/08 05:00:00+00,0fc94585-2f16-49ae-bbde-f349f3720aa4,35,1808
1819,1587,4970718,126585,4813675,2021/10/09 05:00:00+00,5354f93f-1f75-4edc-9693-e52b5ef22feb,33,1555
1820,1518,4972236,126623,4814956,2021/10/10 05:00:00+00,598e66af-1985-4cfb-8c14-d1d7a3670852,38,1281
1821,1089,4973325,126655,4816568,2021/10/11 05:00:00+00,aec58491-2d7d-47ca-b765-7cc06a1f2275,32,1612
1822,1075,4974400,126692,4817951,2021/10/12 05:00:00+00,8690ecf7-5cc0-4a35-be97-c9e0a6d2f5c8,37,1383
1823,1256,4975656,126726,4819082,2021/10/13 05:00:00+00,c0231698-8526-4942-8d89-e4e9ef8a541b,34,1131
1824,1387,4977043,126759,4820423,2021/10/14 05:00:00+00,394caeb5-24ca-4a8e-a3f7-b7d61757fcd5,33,1341
1825,1646,4978689,126796,4822045,2021/10/15 05:00:00+00,e76965b1-b960-436e-9f9e-decae2609e5b,37,1622
1826,1544,4980233,126830,4823881,2021/10/16 05:00:00+00,a6939587-4b96-4cde-be54-e38cfef871bf,34,1836
1827,1299,4981532,126865,4825265,2021/10/17 05:00:00+00,f2d3728a-f707-458e-b59b-8c8db1ee0453,35,1384
1828,1043,4982575,126886,4826801,2021/10/18 05:00:00+00,a18205c8-90e8-42db-9c5e-efcd39e93bc3,21,1536
1829,952,4983527,126910,4828195,2021/10/19 05:00:00+00,9caf6173-7e2e-4345-9656-8ff5c778dd93,24,1394
1830,1224,4984751,126931,4829427,2021/10/20 05:00:00+00,b6c1a331-0b8f-404c-b715-1236b759a216,21,1232
1831,1498,4986249,126959,4830746,2021/10/21 05:00:00+00,390b8c4e-99c7-4496-8c28-e5aea736be07,28,1319
1832,1772,4988021,126994,4832049,2021/10/22 05:00:00+00,48c3f3bc-df35-44be-aa77-d32482106766,35,1303
1833,1660,4989681,127032,4833552,2021/10/23 05:00:00+00,7c3845f3-1a3f-4a1e-b210-164f0b0df982,38,1503
1834,1369,4991050,127067,4834893,2021/10/24 05:00:00+00,e4ab02a0-3edc-4ef4-9aa5-1e10d84c8b71,35,1341
1835,1536,4992586,127099,4836288,2021/10/25 05:00:00+00,dd993e8a-813e-498e-9233-707999a50a49,32,1395
1836,1428,4994014,127133,4838063,2021/10/26 05:00:00+00,353ec338-26c8-4e4d-a56c-cc20bcd46991,34,1775
1837,1680,4995694,127159,4839391,2021/10/27 05:00:00+00,6029aa4b-7755-4167-aeca-752c381ab757,26,1328
1838,1750,4997444,127195,4840891,2021/10/28 05:00:00+00,4ced280e-53fc-48fd-baea-ac923f878693,36,1500
1839,1604,4999048,127225,4842692,2021/10/29 05:00:00+00,76b14a5b-b62d-4976-8ac5-0e2d243f08b2,30,1801
1840,1629,5000677,127258,4844274,2021/10/30 05:00:00+00,2573094a-6f3f-4d11-8a06-e0e6c5e8ce8a,33,1582
1841,1710,5002387,127281,4845554,2021/10/31 05:00:00+00,2bf2589b-6da8-4450-b8cd-c2944791451a,23,1280
1842,1590,5003977,127311,4847217,2021/11/01 05:00:00+00,f5901aa9-a494-4d6e-92ef-c30e814bd471,30,1663
1843,1425,5005402,127348,4849200,2021/11/02 05:00:00+00,5c40ff40-35a0-47ca-8244-b0a54763d691,37,1983
1844,1697,5007099,127380,4851007,2021/11/03 05:00:00+00,647c46d9-ae7c-49a6-a51e-4b248cf94978,32,1807
1845,1908,5009007,127417,4852854,2021/11/04 05:00:00+00,294bcb7f-a3ae-4760-a3dc-71e946f8372e,37,1847
1846,1975,5010982,127456,4854718,2021/11/05 05:00:00+00,2a123b95-1d4c-4ae4-99d2-d12972593409,39,1864
1847,1999,5012981,127488,4856686,2021/11/06 05:00:00+00,3ef0f6df-eb54-4aaa-bc87-2ab2ced2fad1,32,1968
1848,2061,5015042,127533,4858390,2021/11/07 05:00:00+00,b2f9506f-e2e2-409a-a03d-583e930dc268,45,1704
1849,1917,5016959,127571,4860315,2021/11/08 05:00:00+00,743f3581-1fd7-4c4b-ba40-1e329f199e02,38,1925
1850,2199,5019158,127610,4862352,2021/11/09 05:00:00+00,c9b6ceac-bb9b-4101-9e62-efcd03a03aed,39,2037
1851,2461,5021619,127640,4864547,2021/11/10 05:00:00+00,089327b6-a4ca-4372-990c-30de5945699c,30,2195
1852,2644,5024263,127680,4866467,2021/11/11 05:00:00+00,cb51b5e1-d9b7-4d08-8b40-593f8b98596f,40,1920
1853,2559,5026822,127721,4868397,2021/11/12 05:00:00+00,f963b216-918f-4fc5-b6f1-407c9ea2989e,41,1930
1854,2513,5029335,127766,4870317,2021/11/13 05:00:00+00,76ece7c1-f6e2-41f2-81a0-d22ae05fb4f8,45,1920
1855,2610,5031945,127809,4872420,2021/11/14 05:00:00+00,9a207afc-bff4-4a98-a94e-2cfa2d40e6cb,43,2103
1856,2321,5034266,127833,4874808,2021/11/15 05:00:00+00,90fef513-a6fd-4d61-834b-ecc10f101b0b,24,2388
1857,2021,5036287,127865,4877518,2021/11/16 05:00:00+00,e0ef294d-0d56-40d1-8c46-9eb559ac057b,32,2710
1858,2257,5038544,127912,4879456,2021/11/17 05:00:00+00,a16662a4-39f1-4338-b4ae-a6d2d11b56ac,47,1938
1859,2121,5040665,127963,4882144,2021/11/18 05:00:00+00,aae0e2a7-b13f-48d3-b555-270b97504706,51,2688
1860,2157,5042822,128013,4884383,2021/11/19 05:00:00+00,d589fc8f-bde1-4dd7-86a2-fb07d1a5c2ce,50,2239
1861,2590,5045412,128054,4886428,2021/11/20 05:00:00+00,9fd97eb2-8c75-424b-8f31-e7ffcf5c2b8b,41,2045
1862,2649,5048061,128093,4888278,2021/11/21 05:00:00+00,74c8c6d2-b3fb-4971-9ce5-81763c5df880,39,1850
1863,2194,5050255,128138,4890990,2021/11/22 05:00:00+00,3bd742f3-c921-495c-ade0-f1a6f74a7299,45,2712
1864,2478,5052733,128188,4893420,2021/11/23 05:00:00+00,0456a7ae-fd5b-4140-99a5-cd460a2e2047,50,2430
1865,2520,5055253,128236,4895931,2021/11/24 05:00:00+00,f67408de-6e12-49e2-8e20-5fb44a6f0f8a,48,2511
1866,2644,5057897,128290,4897986,2021/11/25 05:00:00+00,f184e307-17ea-409b-9108-5b0a090e76bc,54,2055
1867,2660,5060557,128343,4900602,2021/11/26 05:00:00+00,f5a0b1a7-3e0b-4dbd-9fa3-2aed3bf8071d,53,2616
1868,2620,5063177,128394,4903231,2021/11/27 05:00:00+00,55d06ff3-13ee-428c-9013-4768bf12eabe,51,2629
1869,2196,5065373,128437,4905431,2021/11/28 05:00:00+00,36c89921-be4d-4153-b672-68894c5ae492,43,2200
1870,1975,5067348,128473,4907484,2021/11/29 05:00:00+00,a38dcc4c-ed35-4431-8699-b30d20101dab,36,2053
1871,2296,5069644,128528,4909572,2021/11/30 05:00:00+00,126fabe4-ea79-4a5b-bd33-8ab26e84f7c7,55,2088
1872,2173,5071817,128586,4911593,2021/12/01 05:00:00+00,db84fdbe-0e5a-4967-8393-969911141bf7,58,2021
1873,2262,5074079,128643,4913921,2021/12/02 05:00:00+00,cff9223c-c011-4589-95d0-cadb49b0670e,57,2328
1874,2299,5076378,128685,4916313,2021/12/03 23:08:00+00,7355d6e1-0dcb-47a2-b1a9-2fd4d4ed926a,42,2392
1875,2609,5078987,128733,4918619,2021/12/04 05:00:00+00,041c7ad9-f036-4cb3-bed8-a6915880c350,48,2306
1876,2077,5081064,128780,4921311,2021/12/05 05:00:00+00,420b9333-ec50-4268-a009-0c0315c161dd,47,2692
1877,1698,5082762,128821,4923433,2021/12/06 05:00:00+00,b4769650-892b-4ae2-8ac0-eb6ecdb3513a,41,2122
1878,1704,5084466,128874,4925444,2021/12/07 05:00:00+00,fef6bb34-5802-4659-b42c-c9ed0e306bda,53,2011
1879,1915,5086381,128929,4927104,2021/12/08 05:00:00+00,c70bee0d-258d-4093-9a9b-952eb49776ef,55,1660
1880,1627,5088008,128969,4928885,2021/12/09 05:00:00+00,1318678d-cf80-4b74-beaa-3888cc94019f,40,1781
1881,1687,5089695,129011,4930529,2021/12/10 05:00:00+00,416a97c9-2406-4604-b4ab-aea8bd8fc792,42,1644
1882,1813,5091508,129056,4932304,2021/12/11 05:00:00+00,60fa4ef0-9dfa-4f18-b9e8-56341eb3a042,45,1775
1883,2026,5093534,129107,4933825,2021/12/12 05:00:00+00,cc53bf71-dafe-4e5c-adeb-aa69f79a21bb,51,1521
1884,2287,5095821,129163,4935876,2021/12/13 05:00:00+00,6619ddb9-7287-4a63-911e-30f202dc471e,56,2051
1885,1859,5097680,129205,4938291,2021/12/14 05:00:00+00,43864ff3-3a7f-4d37-bb22-942eed8e6ca8,42,2415
1886,2066,5099746,129256,4940312,2021/12/15 05:00:00+00,27b3da61-de45-40d7-b2e2-bc2dd729ddc1,51,2021
1887,1720,5101466,129295,4942391,2021/12/16 05:00:00+00,da9d0af0-abd6-452c-9413-2e8d28503e4b,39,2079
1888,1803,5103269,129345,4943964,2021/12/17 05:00:00+00,e3d5b19f-e91b-45b9-8cb8-786e9d41f840,50,1573
1889,2016,5105285,129399,4945520,2021/12/18 05:00:00+00,e76bd9ca-0495-48ab-a769-5b240f34d740,54,1556
1890,2038,5107323,129458,4946899,2021/12/19 05:00:00+00,0dff42b1-43bd-4b75-b4c2-d079111ec2c4,59,1379
1891,1699,5109022,129487,4948804,2021/12/20 05:00:00+00,ea118289-935f-4a54-b12d-442ed85f9d57,29,1905
1892,1766,5110788,129534,4950750,2021/12/21 05:00:00+00,fda8e6e4-c404-44f0-9059-7c0b67dd6278,47,1946
1893,1931,5112719,129586,4952013,2021/12/22 05:00:00+00,50668ef7-38ac-4301-bfd5-9a4b69c9ed05,52,1263
1894,2475,5115194,129640,4953642,2021/12/23 05:00:00+00,ae68f713-36a0-4255-ac54-9394f4a1a566,54,1629
1895,3060,5118254,129686,4955539,2021/12/24 05:00:00+00,ab0b96b3-4fb3-4b94-8883-0f4e85377af5,46,1897
1896,3414,5121668,129729,4957334,2021/12/25 05:00:00+00,d805215a-3bac-4c7c-9092-f49e0480a83e,43,1795
1897,3022,5124690,129761,4959128,2021/12/26 05:00:00+00,b1500208-fb65-46ca-9022-fdfe89da0e6d,32,1794
1898,3281,5127971,129798,4961099,2021/12/27 05:00:00+00,5cfd4cde-07c4-4830-8c9c-c34dcc214127,37,1971
1899,4306,5132277,129833,4963070,2021/12/28 05:00:00+00,e7c68364-fa15-49c8-a031-dcf5d43198ee,35,1971
1900,6326,5138603,129866,4965217,2021/12/29 05:00:00+00,005e2fe8-5df9-40f5-a6de-9d87558abee7,33,2147
1901,8436,5147039,129901,4967873,2021/12/30 05:00:00+00,d75da1ea-c97b-4b8a-9ef1-8c4a98157194,35,2656
1902,10401,5157440,129942,4970713,2021/12/31 05:00:00+00,dd18a284-be29-4439-bae1-e81deca721e8,41,2840
1903,12415,5169855,129986,4974212,2022/01/01 05:00:00+00,2410ea62-4bce-4e0c-9692-4e6605428e4e,44,3499
1904,11318,5181173,130026,4977885,2022/01/02 05:00:00+00,4167a574-951d-41cc-88d2-46126cd0c8f9,40,3673
1905,9848,5191021,130061,4983053,2022/01/03 05:00:00+00,291c14a3-5ee4-4def-b8c6-eccc4471be80,35,5168
1906,12353,5203374,130100,4990966,2022/01/04 05:00:00+00,a002854f-1a1b-438b-b561-f43267685554,39,7913
1907,16259,5219633,130140,4997384,2022/01/05 05:00:00+00,5b97ee95-03da-4dad-b6ec-94ebc102205b,40,6418
1908,23039,5242672,130191,5006108,2022/01/06 05:00:00+00,f100be6d-29e7-40be-aa47-bcdbb56b3d39,51,8724
1909,26190,5268862,130250,5016760,2022/01/07 05:00:00+00,314f84a6-8e5f-4b9a-b1fb-3e7d426d7b08,59,10652
1910,31170,5300032,130288,5029052,2022/01/08 05:00:00+00,112593b3-7b93-448e-8739-6bde0af24388,38,12292
1911,30630,5330662,130338,5043410,2022/01/09 05:00:00+00,0b04c579-ac6c-4698-af62-745a2d0f9800,50,14358
1912,27105,5357767,130395,5059323,2022/01/10 05:00:00+00,bb023316-1739-4557-aeef-a521f218bfda,57,15913
1913,23074,5380841,130460,5077826,2022/01/11 05:00:00+00,73ebcc58-84e5-417d-a331-d336e7c38627,65,18503
1914,29857,5410698,130529,5101151,2022/01/12 05:00:00+00,512e10b9-b891-4a4c-9bb9-beb3f8c18a12,69,23325
1915,30283,5440981,130625,5123725,2022/01/13 05:00:00+00,fac6e7b0-d459-4e19-bd8d-1d06eeb9c647,96,22574
1916,34923,5475904,130731,5153452,2022/01/14 05:00:00+00,168407f1-81cd-4a6b-83aa-ed0cf09a4cf8,106,29727
1917,35575,5511479,130860,5185994,2022/01/15 05:00:00+00,102c88d7-3865-4cee-ba72-96637819ac6d,129,32542
1918,32317,5543796,130996,5220543,2022/01/16 05:00:00+00,ca81954a-16e2-4a16-853b-c18e32708249,136,34549
1919,24272,5568068,131130,5258204,2022/01/17 05:00:00+00,cb0776a0-5b70-4073-bf59-7d6a2573ed75,134,37661
1920,28849,5596917,131268,5290934,2022/01/18 05:00:00+00,a118e333-48a5-4285-9456-9596e7b6ddd1,138,32730
1921,27603,5624520,131437,5322450,2022/01/19 05:00:00+00,c187316f-743c-4331-9614-8b952e9b131f,169,31516
1922,30506,5655026,131627,5353276,2022/01/20 05:00:00+00,add6d036-4a01-476e-a874-be3326c1f072,190,30826
1923,31039,5686065,131824,5385402,2022/01/21 05:00:00+00,f18e11f1-5d39-4f95-acc4-2f1abd36b644,197,32126
1924,28027,5714092,132023,5415547,2022/01/22 05:00:00+00,2a2f2ab3-7bd5-4f96-a99c-cc1ffd164e4e,199,30145
1925,26087,5740179,132240,5441021,2022/01/23 05:00:00+00,9b789bab-576d-43e0-a27d-df93c7d33d2d,217,25474
1926,21219,5761398,132477,5477223,2022/01/24 05:00:00+00,013c0629-eaac-4196-824d-0fb6ce1cb5d8,237,36202
1927,19512,5780910,132737,5511881,2022/01/25 05:00:00+00,2f1e1dce-4f77-4770-8c6b-41a07eebd592,260,34658
1928,17889,5798799,133019,5545155,2022/01/26 05:00:00+00,29cd96a2-302d-4c44-929a-f112c6e0049b,282,33274
1929,17663,5816462,133292,5574490,2022/01/27 05:00:00+00,527542b1-c150-4d93-bcdf-9e5ca0fb25b0,273,29335
1930,20946,5837408,133560,5604944,2022/01/28 05:00:00+00,148ffbce-e9a8-4f4c-82cc-b965ebcfdb4a,268,30454
1931,18450,5855858,133832,5625108,2022/01/29 05:00:00+00,0633453c-4f91-4a18-b262-e68356f26146,272,20164
1932,16119,5871977,134079,5645142,2022/01/30 05:00:00+00,141a7f00-0180-49a5-a1c7-1a035a2ee464,247,20034
1933,15284,5887261,134300,5661163,2022/01/31 05:00:00+00,026f573b-ed7e-4d30-88f8-495fc3365278,221,16021
1934,14454,5901715,134551,5678249,2022/02/01 05:00:00+00,0a1f6f2d-bb1e-4672-8578-07ae25f621b9,251,17086
1935,15110,5916825,134781,5692017,2022/02/02 05:00:00+00,ba631bef-0dfb-4f20-9639-9dc83e1bd6b0,230,13768
1936,13568,5930393,135043,5708271,2022/02/03 05:00:00+00,22a48e48-9685-4aff-9d62-6bd65f09dfbe,262,16254
1937,13390,5943783,135282,5727705,2022/02/04 05:00:00+00,07813d1b-5e14-4ebc-8535-7716d6c16b75,239,19434
1938,12567,5956350,135518,5743430,2022/02/05 05:00:00+00,d6c3890a-6522-4851-a792-59318a3ebb01,236,15725
1939,10356,5966706,135757,5757588,2022/02/06 05:00:00+00,c9472a14-91e5-4403-8cb7-8fff50c9f3cf,239,14158
1940,9080,5975786,135992,5765543,2022/02/07 05:00:00+00,fbe7f9d8-e2d2-41d6-9b09-91b301e18f90,235,7955
1941,9730,5985516,136197,5781436,2022/02/08 05:00:00+00,5856cc59-2beb-40b2-87da-8eea0155c934,205,15893
1942,8785,5994301,136404,5792059,2022/02/09 05:00:00+00,8e0e1f10-c06e-4954-8c56-1a34ebcf352a,207,10623
1943,8269,6002570,136583,5804357,2022/02/10 05:00:00+00,27385c94-a10b-46cc-9bcb-10bd888c609f,179,12298
1944,5421,6007991,136764,5815318,2022/02/11 05:00:00+00,92c41ab3-5592-4cdc-b997-10a116c9720f,181,10961
1945,6572,6014563,136953,5821103,2022/02/12 05:00:00+00,0e928885-ae00-4ce6-a2f7-adb565a9f5bf,189,5785
1946,5532,6020095,137115,5832811,2022/02/13 05:00:00+00,b4e9e12c-6dbb-4194-9105-9a37739a16d3,162,11708
1947,3162,6023257,137301,5839835,2022/02/14 05:00:00+00,3e3cf2f2-2981-4edf-a570-af5212c03922,186,7024
1948,3731,6026988,137439,5844659,2022/02/15 05:00:00+00,848d7d01-8f11-4962-8959-30061c3e1412,138,4824
1949,4142,6031130,137586,5848305,2022/02/16 05:00:00+00,28e46812-6a84-4ee5-a791-5ddc912755ca,147,3646
1950,4013,6035143,137733,5852934,2022/02/17 05:00:00+00,ce5f4d6c-c120-45de-95cc-74032df97362,147,4629
1951,4020,6039163,137869,5857040,2022/02/18 05:00:00+00,ba87ad2c-bcfe-4074-a508-08b1dd14f580,136,4106
1952,4498,6043661,137996,5861641,2022/02/19 05:00:00+00,f641068f-077f-4233-8681-d902169713b8,127,4601
1953,3381,6047042,138106,5866006,2022/02/20 05:00:00+00,4615d4ae-3f98-44c3-b73e-daf8fa7ca961,110,4365
1954,2910,6049952,138205,5870879,2022/02/21 05:00:00+00,5d6f9187-a179-4639-9908-2b85af53dbe7,99,4873
1955,2174,6052126,138285,5874444,2022/02/22 05:00:00+00,d8387983-2481-4e6c-bdc8-c0ed38e75b2a,80,3565
1956,2181,6054307,138364,5877343,2022/02/23 05:00:00+00,d2720aa9-3cc5-4143-aee6-c40ac8aee54c,79,2899
1957,2249,6056556,138421,5880718,2022/02/24 05:00:00+00,32fd73ec-9eb0-4953-92cd-09421b68ce28,57,3375
1958,2159,6058715,138501,5883546,2022/02/25 05:00:00+00,117cf912-bfd1-4d01-ae68-ecb06e96e45c,80,2828
1959,2078,6060793,138598,5886065,2022/02/26 05:00:00+00,e34a4228-1e25-4007-9fcd-be5475b7758f,97,2519
1960,1908,6062701,138693,5888474,2022/02/27 05:00:00+00,0008026e-9e92-4ffc-9f24-146889abf9e8,95,2409
1961,1882,6064583,138767,5890563,2022/02/28 05:00:00+00,411d139a-b7ad-4c36-8e33-e8855fa8f529,74,2089
1962,1218,6065801,138854,5892530,2022/03/01 05:00:00+00,6c3963cd-a4bb-457b-bcdd-f478060d9e94,87,1967
1963,1222,6067023,138899,5893989,2022/03/02 05:00:00+00,af2cc7f9-9cf0-4dfc-8a6c-7f354288a934,45,1459
1964,1051,6068074,138939,5895880,2022/03/03 05:00:00+00,d6760492-b10e-4710-8cc1-569b4145784c,40,1891
1965,1351,6069425,138984,5897583,2022/03/04 05:00:00+00,11bcccf5-db3a-4006-8b88-6eca59db74c4,45,1703
1966,1191,6070616,139037,5899197,2022/03/05 05:00:00+00,29cba56e-7726-4ba5-8a73-1b31ef11eb3b,53,1614
1967,1088,6071704,139091,5900330,2022/03/06 05:00:00+00,1caad386-6b74-481e-9e4c-6fa365c5e49a,54,1133
1968,952,6072656,139120,5901731,2022/03/07 05:00:00+00,b27dae7f-5444-4d91-8723-888f575d2e61,29,1401
1969,760,6073416,139154,5903279,2022/03/08 05:00:00+00,440a353f-ab9e-40ad-abf6-b8d322c23c9d,34,1548
1970,739,6074155,139189,5904365,2022/03/09 05:00:00+00,26f8bf8d-86ea-42cc-8a61-2342b63aca85,35,1086
1971,719,6074874,139220,5905559,2022/03/10 05:00:00+00,cfac9be9-53bf-4432-944e-d7a76fc6e34e,31,1194
1972,782,6075656,139255,5906638,2022/03/11 05:00:00+00,6a4f4271-dae5-4f58-8893-b8081bf39940,35,1079
1973,677,6076333,139283,5907585,2022/03/12 05:00:00+00,aef7e7f0-bc95-4452-a376-e384b358861b,28,947
1974,486,6076819,139297,5908393,2022/03/13 05:00:00+00,fbcb2ee3-04c9-41bf-bbd0-7b0c32d44d13,14,808
1975,469,6077288,139315,5909169,2022/03/14 05:00:00+00,72bf84d4-ca1a-41ea-a899-810f13562641,18,776
1976,573,6077861,139335,5909782,2022/03/15 05:00:00+00,9b6deeec-b2a5-4c10-94b7-119ea1d90868,20,613
1977,626,6078487,139361,5910525,2022/03/16 05:00:00+00,112721dd-165d-4119-9438-7c2d0992c619,26,743
1978,744,6079231,139386,5911449,2022/03/17 05:00:00+00,fc216a3c-76f1-4c34-911a-cd5ce494049c,25,924
1979,665,6079896,139415,5912154,2022/03/18 05:00:00+00,94265d37-30d7-47e9-b7fb-0502114fd26a,29,705
1980,693,6080589,139434,5912996,2022/03/19 05:00:00+00,8cd96dad-fbae-44f2-a9c4-ad30fb439100,19,842
1981,542,6081131,139452,5913303,2022/03/20 05:00:00+00,d9f62e7d-25d6-4def-9738-8b248cc54956,18,307
1982,508,6081639,139471,5914192,2022/03/21 05:00:00+00,a49be85c-eccd-4341-bc43-0fef4422d248,19,889
1983,294,6081933,139489,5914212,2022/03/22 05:00:00+00,81f33748-f79c-453c-b20f-3f84fc3cf7d1,18,20
1984,293,6082226,139508,5914578,2022/03/23 05:00:00+00,0d71f64e-7e4e-41c8-a6fc-ec3dd5f86ba1,19,366
1985,351,6082577,139531,5915073,2022/03/24 05:00:00+00,17f5ac96-d0e2-44c0-b90a-b52c99566487,23,495
1986,366,6082943,139544,5915963,2022/03/25 05:00:00+00,bfa9a9aa-80b2-4158-af2d-da1d67361ba2,13,890
1987,348,6083291,139558,5916253,2022/03/26 05:00:00+00,2ee08e15-20d5-49dd-a963-bad5c4246762,14,290
1988,352,6083643,139573,5916624,2022/03/27 05:00:00+00,459e458b-6e7a-488f-bd19-e4ad47a43a9a,15,371
1989,296,6083939,139585,5917027,2022/03/28 05:00:00+00,9bbfc208-a9da-4ee3-90f9-757713f91bbb,12,403
1990,301,6084240,139595,5917334,2022/03/29 05:00:00+00,7d073e2e-01bc-417d-a2ef-49641e707dfe,10,307
1991,311,6084551,139607,5917586,2022/03/30 05:00:00+00,0076c136-5709-420b-91fa-7c77fd57bd09,12,252
1992,365,6084916,139621,5917909,2022/03/31 05:00:00+00,635829b2-b0e7-41f0-9194-4d3715a90114,14,323
1993,354,6085270,139636,5918331,2022/04/01 05:00:00+00,5f376626-89df-49aa-8e6b-625835f00cdb,15,422
1994,348,6085618,139650,5918689,2022/04/02 05:00:00+00,2d403301-9b08-473d-bd37-0f823928424e,14,358
1995,308,6085926,139660,5919072,2022/04/03 05:00:00+00,7d0aff12-ac33-43de-b645-cd274c0c7717,10,383
1996,307,6086233,139670,5919385,2022/04/04 05:00:00+00,9f0ec27b-0473-4b93-8e52-50ef70088d9d,10,313
1997,251,6086484,139678,5919709,2022/04/05 05:00:00+00,89c65824-936e-4adf-8061-abdb972f26de,8,324
1998,327,6086811,139687,5919925,2022/04/06 05:00:00+00,d7024068-6423-4b60-b09c-7873a2e7ef7c,9,216
1999,312,6087123,139693,5920229,2022/04/07 05:00:00+00,71bcebcd-9aa6-4f01-ac4e-2e89ec0b6c35,6,304
2000,320,6087443,139703,5920596,2022/04/08 05:00:00+00,ca1ddaad-433f-4b2f-8630-c5b48e708dbe,10,367
2001,294,6087737,139713,5920900,2022/04/09 05:00:00+00,c1cb8ede-112c-45c5-a36c-cb419001adbc,10,304
2002,297,6088034,139719,5921185,2022/04/10 05:00:00+00,5b3edfc9-87eb-4bea-b874-d516ff58d2ea,6,285
2003,301,6088335,139725,5921483,2022/04/11 05:00:00+00,2c39a54d-552c-48cf-8b91-04e03fe44039,6,298
2004,284,6088619,139729,5921750,2022/04/12 05:00:00+00,149d63b1-0a98-4ff8-86b5-9d8ab696b3b7,4,267
2005,293,6088912,139734,5921849,2022/04/13 05:00:00+00,559bed04-f2dc-45f2-aa10-ba3f68c6f18f,5,99
2006,264,6089176,139738,5922410,2022/04/14 05:00:00+00,7fcd1082-df16-4de5-a490-47d0af1a7a7c,4,561
2007,205,6089381,139741,5922639,2022/04/15 05:00:00+00,4d8671c6-44eb-4997-9eb2-f2fed406c62c,3,229
2008,159,6089540,139745,5922819,2022/04/16 05:00:00+00,ca114af9-e943-4a00-81fa-997af6e3c4fe,4,180
2009,122,6089662,139749,5923067,2022/04/17 05:00:00+00,164a6fab-ca8d-4ae7-879e-8c4f86e05acc,4,248
2010,129,6089791,139751,5923287,2022/04/18 05:00:00+00,7f831760-4458-4fc3-9b17-c97ba79f623e,2,220
2011,207,6089998,139754,5923443,2022/04/19 05:00:00+00,25aaa88d-7b02-4dff-b56c-f6819fd8e51e,3,156
2012,248,6090246,139755,5923619,2022/04/20 05:00:00+00,f7aaab82-9cb4-4df3-b865-3845b4a9b2f1,1,176
2013,274,6090520,139759,5923901,2022/04/21 05:00:00+00,307abae5-dbf5-42f8-a583-46e9af0566ab,4,282
2014,283,6090803,139765,5924143,2022/04/22 05:00:00+00,25d625f3-58c4-4fc3-9378-eddbf7901f0a,6,242
2015,291,6091094,139771,5924433,2022/04/23 05:00:00+00,480e8785-ea1a-470e-a92b-89dd8dde4b44,6,290
2016,249,6091343,139778,5924745,2022/04/24 05:00:00+00,00e802a8-a876-484c-b1ac-56117995e92c,7,312
2017,208,6091551,139780,5925040,2022/04/25 05:00:00+00,875941d8-a283-4c85-8cfa-7efe46b3e6f8,2,295
2018,202,6091753,139783,5925390,2022/04/26 05:00:00+00,bd5c3130-7fdc-43d8-ad1c-dd63a4dd7f9e,3,350
2019,206,6091959,139785,5925634,2022/04/27 05:00:00+00,6bf4319c-4341-4088-a592-8f2a0a0c24e8,2,244
2020,208,6092167,139789,5925828,2022/04/28 05:00:00+00,6a1b363e-8aa4-4f11-b8ec-a1d270432c39,4,194
2021,236,6092403,139793,5926016,2022/04/29 05:00:00+00,b8cc483c-5cd9-48c8-b964-7245b5f77062,4,188
2022,264,6092667,139797,5926476,2022/04/30 05:00:00+00,93bb03eb-418f-49e2-9983-27fc3577c503,4,460
2023,978,6093645,139809,5927076,2022/05/05 05:00:00+00,a131267c-f3f5-4da4-bfd6-ad249411b3a8,12,600
2024,1671,6095316,139821,5928829,2022/05/12 05:00:00+00,c589a521-048b-4443-8905-a3f6eb6d430a,12,1753
2025,3795,6099111,139833,5930545,2022/05/19 05:00:00+00,7e256db9-334a-4e59-b068-1db7ef0a4445,12,1716
2026,4344,6103455,139854,5934231,2022/05/26 05:00:00+00,086f27fc-7c81-44a8-b4ee-84fbd8694ba1,21,3686
2027,5650,6109105,139867,5938448,2022/06/02 05:00:00+00,b79721fc-3c01-4818-9e06-3551db9366a0,13,4217
2028,8742,6117847,139894,5943925,2022/06/09 05:00:00+00,46289401-e5ad-4afa-86df-71ed4a0b8f2b,27,5477
2029,13810,6131657,139918,5952212,2022/06/16 05:00:00+00,2725223d-0fec-49d7-9039-51fa3143c90e,24,8287
2030,19697,6151354,139970,5965083,2022/06/23 05:00:00+00,3c758003-d0e2-4a0e-8501-791ceef3d728,52,12871
2031,23827,6175181,140070,5984546,2022/06/30 05:00:00+00,de7ae740-970e-457c-ada7-4ec84bb36753,100,19463
2032,23667,6198848,140202,6008044,2022/07/07 05:00:00+00,ffae7fdd-0c48-489e-8f02-9d3008cc8c16,132,23498
2033,24649,6223497,140365,6031815,2022/07/14 05:00:00+00,84b76379-5ce3-448c-b425-454e27d4914b,163,23771
2034,24137,6247634,140603,6053853,2022/07/21 05:00:00+00,8855852c-e979-46f3-935a-ec3d326afd20,238,22038
2035,18164,6265798,140845,6079628,2022/07/28 05:00:00+00,a34f2976-73cc-4a63-8211-5a0b9eff9ff2,242,25775
2036,13200,6278998,141075,6096946,2022/08/04 05:00:00+00,3ec777ab-ca9f-4455-ae79-e253d41ed299,230,17318
2037,7394,6286392,141287,6109349,2022/08/11 05:00:00+00,b43d8ede-7c8f-41e0-a065-cfbc03b28a5c,212,12403
2038,6738,6293130,141406,6116269,2022/08/18 05:00:00+00,efd152ae-d74e-4ca5-9c72-5803824c7a5b,119,6920
2039,6465,6299595,141519,6122457,2022/08/25 05:00:00+00,d5910078-4455-4d66-93ff-19273a47a8e2,113,6188
2040,3214,6302809,141646,6128460,2022/09/01 05:00:00+00,2391e9d1-e807-40bc-91c0-50e948399252,127,6003
2041,1508,6304317,141708,6131248,2022/09/08 05:00:00+00,23164e92-a9aa-465b-8e86-afd29e14906a,62,2788
2042,1245,6305562,141746,6132645,2022/09/15 05:00:00+00,1a96431c-a63f-4b29-8927-2611cce2c91a,38,1397
2043,990,6306552,141769,6133785,2022/09/22 05:00:00+00,644f4eba-60b1-4f0e-ad46-d3b3a4d522d8,23,1140
2044,820,6307372,141794,6134690,2022/09/29 05:00:00+00,d129486b-f11f-4d1a-912e-60213a66712c,25,905
2045,715,6308087,141807,6135815,2022/10/06 05:00:00+00,b54a2f09-ea17-45dc-a347-919a6932dd96,13,1125
